model,fold,evaluation,absolute_path,true_id,pred_id,true_class,pred_class,prob_Dry Chili,prob_Flower,prob_Green Chili,prob_Red Chili,prob_Rotten Chili
MobileNetV3_Small,3,clean,/home/bt/Documents/Po/chili_fruit/dataset/Chili Growth Stage Original Dataset (1)/Chili Growth Stage Original Dataset/Dry chili/Dry chili00004.JPG,0,0,Dry Chili,Dry Chili,0.9506836,0.010093689,0.0054244995,0.013832092,0.019943237
MobileNetV3_Small,3,clean,/home/bt/Documents/Po/chili_fruit/dataset/Chili Growth Stage Original Dataset (1)/Chili Growth Stage Original Dataset/Dry chili/Dry chili00016.JPG,0,0,Dry Chili,Dry Chili,0.9165039,0.014328003,0.005001068,0.043518066,0.020736694
MobileNetV3_Small,3,clean,/home/bt/Documents/Po/chili_fruit/dataset/Chili Growth Stage Original Dataset (1)/Chili Growth Stage Original Dataset/Dry chili/Dry chili00030.JPG,0,0,Dry Chili,Dry Chili,0.94384766,0.014434814,0.008918762,0.021102905,0.01159668
MobileNetV3_Small,3,clean,/home/bt/Documents/Po/chili_fruit/dataset/Chili Growth Stage Original Dataset (1)/Chili Growth Stage Original Dataset/Dry chili/Dry chili00039.JPG,0,0,Dry Chili,Dry Chili,0.9580078,0.0087890625,0.0039787292,0.016983032,0.012321472
MobileNetV3_Small,3,clean,/home/bt/Documents/Po/chili_fruit/dataset/Chili Growth Stage Original Dataset (1)/Chili Growth Stage Original Dataset/Dry chili/Dry chili00041.JPG,0,0,Dry Chili,Dry Chili,0.94384766,0.012962341,0.01361084,0.016036987,0.0135269165
MobileNetV3_Small,3,clean,/home/bt/Documents/Po/chili_fruit/dataset/Chili Growth Stage Original Dataset (1)/Chili Growth Stage Original Dataset/Dry chili/Dry chili00053.JPG,0,0,Dry Chili,Dry Chili,0.93847656,0.011985779,0.00806427,0.022659302,0.01876831
MobileNetV3_Small,3,clean,/home/bt/Documents/Po/chili_fruit/dataset/Chili Growth Stage Original Dataset (1)/Chili Growth Stage Original Dataset/Dry chili/Dry chili00081.JPG,0,0,Dry Chili,Dry Chili,0.9086914,0.01965332,0.020050049,0.039367676,0.012191772
MobileNetV3_Small,3,clean,/home/bt/Documents/Po/chili_fruit/dataset/Chili Growth Stage Original Dataset (1)/Chili Growth Stage Original Dataset/Dry chili/Dry chili00083.JPG,0,0,Dry Chili,Dry Chili,0.95947266,0.009750366,0.0073890686,0.016738892,0.0067100525
MobileNetV3_Small,3,clean,/home/bt/Documents/Po/chili_fruit/dataset/Chili Growth Stage Original Dataset (1)/Chili Growth Stage Original Dataset/Dry chili/Dry chili00094.JPG,0,0,Dry Chili,Dry Chili,0.9482422,0.0115356445,0.0087509155,0.022445679,0.009002686
MobileNetV3_Small,3,clean,/home/bt/Documents/Po/chili_fruit/dataset/Chili Growth Stage Original Dataset (1)/Chili Growth Stage Original Dataset/Dry chili/Dry chili00095.JPG,0,0,Dry Chili,Dry Chili,0.92578125,0.016159058,0.018310547,0.029342651,0.010414124
MobileNetV3_Small,3,clean,/home/bt/Documents/Po/chili_fruit/dataset/Chili Growth Stage Original Dataset (1)/Chili Growth Stage Original Dataset/Dry chili/Dry chili00107.JPG,0,0,Dry Chili,Dry Chili,0.93115234,0.016067505,0.010169983,0.016921997,0.025787354
MobileNetV3_Small,3,clean,/home/bt/Documents/Po/chili_fruit/dataset/Chili Growth Stage Original Dataset (1)/Chili Growth Stage Original Dataset/Dry chili/Dry chili00108.JPG,0,0,Dry Chili,Dry Chili,0.9350586,0.014328003,0.007160187,0.03137207,0.011917114
MobileNetV3_Small,3,clean,/home/bt/Documents/Po/chili_fruit/dataset/Chili Growth Stage Original Dataset (1)/Chili Growth Stage Original Dataset/Dry chili/Dry chili00117.JPG,0,0,Dry Chili,Dry Chili,0.9506836,0.010292053,0.011520386,0.0158844,0.011802673
MobileNetV3_Small,3,clean,/home/bt/Documents/Po/chili_fruit/dataset/Chili Growth Stage Original Dataset (1)/Chili Growth Stage Original Dataset/Dry chili/Dry chili00128.JPG,0,0,Dry Chili,Dry Chili,0.96191406,0.008049011,0.010635376,0.014884949,0.0046081543
MobileNetV3_Small,3,clean,/home/bt/Documents/Po/chili_fruit/dataset/Chili Growth Stage Original Dataset (1)/Chili Growth Stage Original Dataset/Dry chili/Dry chili00138.JPG,0,0,Dry Chili,Dry Chili,0.93652344,0.009590149,0.022369385,0.018447876,0.012878418
MobileNetV3_Small,3,clean,/home/bt/Documents/Po/chili_fruit/dataset/Chili Growth Stage Original Dataset (1)/Chili Growth Stage Original Dataset/Dry chili/Dry chili00151.JPG,0,0,Dry Chili,Dry Chili,0.9321289,0.01411438,0.00869751,0.03213501,0.012954712
MobileNetV3_Small,3,clean,/home/bt/Documents/Po/chili_fruit/dataset/Chili Growth Stage Original Dataset (1)/Chili Growth Stage Original Dataset/Dry chili/Dry chili00160.JPG,0,0,Dry Chili,Dry Chili,0.95166016,0.015426636,0.010368347,0.013069153,0.009635925
MobileNetV3_Small,3,clean,/home/bt/Documents/Po/chili_fruit/dataset/Chili Growth Stage Original Dataset (1)/Chili Growth Stage Original Dataset/Dry chili/Dry chili00169.JPG,0,0,Dry Chili,Dry Chili,0.890625,0.0262146,0.014778137,0.045074463,0.023345947
MobileNetV3_Small,3,clean,/home/bt/Documents/Po/chili_fruit/dataset/Chili Growth Stage Original Dataset (1)/Chili Growth Stage Original Dataset/Dry chili/Dry chili00174.JPG,0,0,Dry Chili,Dry Chili,0.9277344,0.024017334,0.011634827,0.020874023,0.015686035
MobileNetV3_Small,3,clean,/home/bt/Documents/Po/chili_fruit/dataset/Chili Growth Stage Original Dataset (1)/Chili Growth Stage Original Dataset/Dry chili/Dry chili00177.JPG,0,0,Dry Chili,Dry Chili,0.9135742,0.019638062,0.019561768,0.026870728,0.020141602
MobileNetV3_Small,3,clean,/home/bt/Documents/Po/chili_fruit/dataset/Chili Growth Stage Original Dataset (1)/Chili Growth Stage Original Dataset/Dry chili/Dry chili00180.JPG,0,0,Dry Chili,Dry Chili,0.94384766,0.011001587,0.011978149,0.019836426,0.013221741
MobileNetV3_Small,3,clean,/home/bt/Documents/Po/chili_fruit/dataset/Chili Growth Stage Original Dataset (1)/Chili Growth Stage Original Dataset/Dry chili/Dry chili00186.JPG,0,0,Dry Chili,Dry Chili,0.9169922,0.017227173,0.025161743,0.026885986,0.013694763
MobileNetV3_Small,3,clean,/home/bt/Documents/Po/chili_fruit/dataset/Chili Growth Stage Original Dataset (1)/Chili Growth Stage Original Dataset/Dry chili/Dry chili00198.JPG,0,0,Dry Chili,Dry Chili,0.9584961,0.010650635,0.0076026917,0.015029907,0.008110046
MobileNetV3_Small,3,clean,/home/bt/Documents/Po/chili_fruit/dataset/Chili Growth Stage Original Dataset (1)/Chili Growth Stage Original Dataset/Dry chili/Dry chili00216.JPG,0,0,Dry Chili,Dry Chili,0.9345703,0.015266418,0.0107803345,0.021560669,0.017608643
MobileNetV3_Small,3,clean,/home/bt/Documents/Po/chili_fruit/dataset/Chili Growth Stage Original Dataset (1)/Chili Growth Stage Original Dataset/Dry chili/Dry chili00221.JPG,0,0,Dry Chili,Dry Chili,0.9370117,0.011642456,0.006629944,0.021514893,0.023284912
MobileNetV3_Small,3,clean,/home/bt/Documents/Po/chili_fruit/dataset/Chili Growth Stage Original Dataset (1)/Chili Growth Stage Original Dataset/Dry chili/Dry chili00238.JPG,0,0,Dry Chili,Dry Chili,0.93896484,0.014060974,0.015357971,0.016906738,0.014839172
MobileNetV3_Small,3,clean,/home/bt/Documents/Po/chili_fruit/dataset/Chili Growth Stage Original Dataset (1)/Chili Growth Stage Original Dataset/Dry chili/Dry chili00242.JPG,0,0,Dry Chili,Dry Chili,0.9116211,0.019714355,0.015235901,0.035095215,0.01828003
MobileNetV3_Small,3,clean,/home/bt/Documents/Po/chili_fruit/dataset/Chili Growth Stage Original Dataset (1)/Chili Growth Stage Original Dataset/Dry chili/Dry chili00255.JPG,0,0,Dry Chili,Dry Chili,0.94384766,0.013366699,0.008605957,0.021347046,0.0129776
MobileNetV3_Small,3,clean,/home/bt/Documents/Po/chili_fruit/dataset/Chili Growth Stage Original Dataset (1)/Chili Growth Stage Original Dataset/Dry chili/Dry chili00257.JPG,0,0,Dry Chili,Dry Chili,0.9267578,0.020736694,0.011978149,0.02684021,0.0135650635
MobileNetV3_Small,3,clean,/home/bt/Documents/Po/chili_fruit/dataset/Chili Growth Stage Original Dataset (1)/Chili Growth Stage Original Dataset/Dry chili/Dry chili00264.JPG,0,0,Dry Chili,Dry Chili,0.9536133,0.007129669,0.009902954,0.021591187,0.007522583
MobileNetV3_Small,3,clean,/home/bt/Documents/Po/chili_fruit/dataset/Chili Growth Stage Original Dataset (1)/Chili Growth Stage Original Dataset/Dry chili/Dry chili00276.JPG,0,0,Dry Chili,Dry Chili,0.96533203,0.008895874,0.004917145,0.00920105,0.011871338
MobileNetV3_Small,3,clean,/home/bt/Documents/Po/chili_fruit/dataset/Chili Growth Stage Original Dataset (1)/Chili Growth Stage Original Dataset/Dry chili/Dry chili00291.JPG,0,0,Dry Chili,Dry Chili,0.9511719,0.0085372925,0.0052108765,0.016921997,0.018295288
MobileNetV3_Small,3,clean,/home/bt/Documents/Po/chili_fruit/dataset/Chili Growth Stage Original Dataset (1)/Chili Growth Stage Original Dataset/Dry chili/Dry chili00296.JPG,0,0,Dry Chili,Dry Chili,0.953125,0.008880615,0.0040016174,0.015464783,0.018707275
MobileNetV3_Small,3,clean,/home/bt/Documents/Po/chili_fruit/dataset/Chili Growth Stage Original Dataset (1)/Chili Growth Stage Original Dataset/Dry chili/Dry chili00344.JPG,0,0,Dry Chili,Dry Chili,0.9189453,0.016159058,0.022354126,0.023895264,0.018432617
MobileNetV3_Small,3,clean,/home/bt/Documents/Po/chili_fruit/dataset/Chili Growth Stage Original Dataset (1)/Chili Growth Stage Original Dataset/Dry chili/Dry chili00352.JPG,0,0,Dry Chili,Dry Chili,0.95458984,0.013999939,0.0044555664,0.012420654,0.01436615
MobileNetV3_Small,3,clean,/home/bt/Documents/Po/chili_fruit/dataset/Chili Growth Stage Original Dataset (1)/Chili Growth Stage Original Dataset/Dry chili/Dry chili00360.JPG,0,0,Dry Chili,Dry Chili,0.91748047,0.022354126,0.01335144,0.029144287,0.01789856
MobileNetV3_Small,3,clean,/home/bt/Documents/Po/chili_fruit/dataset/Chili Growth Stage Original Dataset (1)/Chili Growth Stage Original Dataset/Dry chili/Dry chili00397.JPG,0,0,Dry Chili,Dry Chili,0.94873047,0.00995636,0.012214661,0.015449524,0.0135650635
MobileNetV3_Small,3,clean,/home/bt/Documents/Po/chili_fruit/dataset/Chili Growth Stage Original Dataset (1)/Chili Growth Stage Original Dataset/Dry chili/Dry chili00399.JPG,0,0,Dry Chili,Dry Chili,0.94628906,0.014953613,0.009681702,0.012817383,0.016159058
MobileNetV3_Small,3,clean,/home/bt/Documents/Po/chili_fruit/dataset/Chili Growth Stage Original Dataset (1)/Chili Growth Stage Original Dataset/Dry chili/Dry chili00402.JPG,0,0,Dry Chili,Dry Chili,0.96435547,0.0053215027,0.004623413,0.011810303,0.013679504
MobileNetV3_Small,3,clean,/home/bt/Documents/Po/chili_fruit/dataset/Chili Growth Stage Original Dataset (1)/Chili Growth Stage Original Dataset/Dry chili/Dry chili00407.JPG,0,0,Dry Chili,Dry Chili,0.9042969,0.015960693,0.014816284,0.051452637,0.013595581
MobileNetV3_Small,3,clean,/home/bt/Documents/Po/chili_fruit/dataset/Chili Growth Stage Original Dataset (1)/Chili Growth Stage Original Dataset/Dry chili/Dry chili00410.JPG,0,0,Dry Chili,Dry Chili,0.91064453,0.019348145,0.02067566,0.030136108,0.018981934
MobileNetV3_Small,3,clean,/home/bt/Documents/Po/chili_fruit/dataset/Chili Growth Stage Original Dataset (1)/Chili Growth Stage Original Dataset/Flower/Flower00008.JPG,1,1,Flower,Flower,0.03668213,0.86865234,0.044158936,0.023864746,0.026611328
MobileNetV3_Small,3,clean,/home/bt/Documents/Po/chili_fruit/dataset/Chili Growth Stage Original Dataset (1)/Chili Growth Stage Original Dataset/Flower/Flower00021.JPG,1,1,Flower,Flower,0.044677734,0.8334961,0.05105591,0.037719727,0.033172607
MobileNetV3_Small,3,clean,/home/bt/Documents/Po/chili_fruit/dataset/Chili Growth Stage Original Dataset (1)/Chili Growth Stage Original Dataset/Flower/Flower00037.JPG,1,1,Flower,Flower,0.02507019,0.89404297,0.024154663,0.01940918,0.03741455
MobileNetV3_Small,3,clean,/home/bt/Documents/Po/chili_fruit/dataset/Chili Growth Stage Original Dataset (1)/Chili Growth Stage Original Dataset/Flower/Flower00039.JPG,1,1,Flower,Flower,0.022705078,0.89697266,0.023040771,0.020126343,0.037109375
MobileNetV3_Small,3,clean,/home/bt/Documents/Po/chili_fruit/dataset/Chili Growth Stage Original Dataset (1)/Chili Growth Stage Original Dataset/Flower/Flower00052.JPG,1,1,Flower,Flower,0.010192871,0.94921875,0.016708374,0.013923645,0.009971619
MobileNetV3_Small,3,clean,/home/bt/Documents/Po/chili_fruit/dataset/Chili Growth Stage Original Dataset (1)/Chili Growth Stage Original Dataset/Flower/Flower00070.JPG,1,1,Flower,Flower,0.023147583,0.9375,0.013946533,0.013916016,0.011703491
MobileNetV3_Small,3,clean,/home/bt/Documents/Po/chili_fruit/dataset/Chili Growth Stage Original Dataset (1)/Chili Growth Stage Original Dataset/Flower/Flower00071.JPG,1,1,Flower,Flower,0.060394287,0.74658203,0.045166016,0.06451416,0.08355713
MobileNetV3_Small,3,clean,/home/bt/Documents/Po/chili_fruit/dataset/Chili Growth Stage Original Dataset (1)/Chili Growth Stage Original Dataset/Flower/Flower00087.JPG,1,1,Flower,Flower,0.015579224,0.8203125,0.03942871,0.017852783,0.10662842
MobileNetV3_Small,3,clean,/home/bt/Documents/Po/chili_fruit/dataset/Chili Growth Stage Original Dataset (1)/Chili Growth Stage Original Dataset/Flower/Flower00090.JPG,1,1,Flower,Flower,0.033935547,0.89208984,0.02041626,0.031097412,0.022354126
MobileNetV3_Small,3,clean,/home/bt/Documents/Po/chili_fruit/dataset/Chili Growth Stage Original Dataset (1)/Chili Growth Stage Original Dataset/Flower/Flower00096.JPG,1,1,Flower,Flower,0.033721924,0.82910156,0.01676941,0.09259033,0.027816772
MobileNetV3_Small,3,clean,/home/bt/Documents/Po/chili_fruit/dataset/Chili Growth Stage Original Dataset (1)/Chili Growth Stage Original Dataset/Flower/Flower00103.JPG,1,1,Flower,Flower,0.02381897,0.8173828,0.016189575,0.10949707,0.033294678
MobileNetV3_Small,3,clean,/home/bt/Documents/Po/chili_fruit/dataset/Chili Growth Stage Original Dataset (1)/Chili Growth Stage Original Dataset/Flower/Flower00113.JPG,1,1,Flower,Flower,0.019927979,0.9399414,0.011856079,0.018554688,0.009605408
MobileNetV3_Small,3,clean,/home/bt/Documents/Po/chili_fruit/dataset/Chili Growth Stage Original Dataset (1)/Chili Growth Stage Original Dataset/Flower/Flower00116.JPG,1,1,Flower,Flower,0.022491455,0.87353516,0.027648926,0.03729248,0.039245605
MobileNetV3_Small,3,clean,/home/bt/Documents/Po/chili_fruit/dataset/Chili Growth Stage Original Dataset (1)/Chili Growth Stage Original Dataset/Flower/Flower00123.JPG,1,1,Flower,Flower,0.0128479,0.92041016,0.0107803345,0.015037537,0.04107666
MobileNetV3_Small,3,clean,/home/bt/Documents/Po/chili_fruit/dataset/Chili Growth Stage Original Dataset (1)/Chili Growth Stage Original Dataset/Flower/Flower00133.JPG,1,1,Flower,Flower,0.019119263,0.8989258,0.02178955,0.025741577,0.03466797
MobileNetV3_Small,3,clean,/home/bt/Documents/Po/chili_fruit/dataset/Chili Growth Stage Original Dataset (1)/Chili Growth Stage Original Dataset/Flower/Flower00147.JPG,1,1,Flower,Flower,0.0234375,0.8955078,0.039245605,0.02708435,0.014831543
MobileNetV3_Small,3,clean,/home/bt/Documents/Po/chili_fruit/dataset/Chili Growth Stage Original Dataset (1)/Chili Growth Stage Original Dataset/Flower/Flower00178.JPG,1,1,Flower,Flower,0.03781128,0.8540039,0.019561768,0.03302002,0.055541992
MobileNetV3_Small,3,clean,/home/bt/Documents/Po/chili_fruit/dataset/Chili Growth Stage Original Dataset (1)/Chili Growth Stage Original Dataset/Flower/Flower00195.JPG,1,1,Flower,Flower,0.0395813,0.8334961,0.03756714,0.037750244,0.051818848
MobileNetV3_Small,3,clean,/home/bt/Documents/Po/chili_fruit/dataset/Chili Growth Stage Original Dataset (1)/Chili Growth Stage Original Dataset/Flower/Flower00198.JPG,1,1,Flower,Flower,0.035095215,0.85498047,0.027114868,0.032165527,0.050750732
MobileNetV3_Small,3,clean,/home/bt/Documents/Po/chili_fruit/dataset/Chili Growth Stage Original Dataset (1)/Chili Growth Stage Original Dataset/Flower/Flower00212.JPG,1,1,Flower,Flower,0.021240234,0.91796875,0.019088745,0.017440796,0.024368286
MobileNetV3_Small,3,clean,/home/bt/Documents/Po/chili_fruit/dataset/Chili Growth Stage Original Dataset (1)/Chili Growth Stage Original Dataset/Flower/Flower00245.JPG,1,1,Flower,Flower,0.026245117,0.90625,0.020431519,0.027359009,0.01979065
MobileNetV3_Small,3,clean,/home/bt/Documents/Po/chili_fruit/dataset/Chili Growth Stage Original Dataset (1)/Chili Growth Stage Original Dataset/Flower/Flower00270.JPG,1,1,Flower,Flower,0.013999939,0.9448242,0.021560669,0.009925842,0.009727478
MobileNetV3_Small,3,clean,/home/bt/Documents/Po/chili_fruit/dataset/Chili Growth Stage Original Dataset (1)/Chili Growth Stage Original Dataset/Flower/Flower00283.JPG,1,1,Flower,Flower,0.02558899,0.85839844,0.029144287,0.03274536,0.053894043
MobileNetV3_Small,3,clean,/home/bt/Documents/Po/chili_fruit/dataset/Chili Growth Stage Original Dataset (1)/Chili Growth Stage Original Dataset/Flower/Flower00292.JPG,1,1,Flower,Flower,0.013015747,0.93847656,0.01826477,0.020065308,0.010269165
MobileNetV3_Small,3,clean,/home/bt/Documents/Po/chili_fruit/dataset/Chili Growth Stage Original Dataset (1)/Chili Growth Stage Original Dataset/Flower/Flower00294.JPG,1,1,Flower,Flower,0.01777649,0.63720703,0.2944336,0.027694702,0.022918701
MobileNetV3_Small,3,clean,/home/bt/Documents/Po/chili_fruit/dataset/Chili Growth Stage Original Dataset (1)/Chili Growth Stage Original Dataset/Flower/Flower00295.JPG,1,1,Flower,Flower,0.014373779,0.83154297,0.10205078,0.02911377,0.02305603
MobileNetV3_Small,3,clean,/home/bt/Documents/Po/chili_fruit/dataset/Chili Growth Stage Original Dataset (1)/Chili Growth Stage Original Dataset/Flower/Flower00297.JPG,1,1,Flower,Flower,0.016204834,0.87109375,0.049621582,0.033721924,0.029159546
MobileNetV3_Small,3,clean,/home/bt/Documents/Po/chili_fruit/dataset/Chili Growth Stage Original Dataset (1)/Chili Growth Stage Original Dataset/Flower/Flower00299.JPG,1,1,Flower,Flower,0.042144775,0.86865234,0.020202637,0.030563354,0.038238525
MobileNetV3_Small,3,clean,/home/bt/Documents/Po/chili_fruit/dataset/Chili Growth Stage Original Dataset (1)/Chili Growth Stage Original Dataset/Flower/Flower00305.JPG,1,1,Flower,Flower,0.034301758,0.9003906,0.012451172,0.029724121,0.022994995
MobileNetV3_Small,3,clean,/home/bt/Documents/Po/chili_fruit/dataset/Chili Growth Stage Original Dataset (1)/Chili Growth Stage Original Dataset/Flower/Flower00313.JPG,1,1,Flower,Flower,0.015296936,0.94970703,0.008483887,0.009567261,0.016937256
MobileNetV3_Small,3,clean,/home/bt/Documents/Po/chili_fruit/dataset/Chili Growth Stage Original Dataset (1)/Chili Growth Stage Original Dataset/Flower/Flower00341.JPG,1,1,Flower,Flower,0.010002136,0.94628906,0.028656006,0.010955811,0.0041542053
MobileNetV3_Small,3,clean,/home/bt/Documents/Po/chili_fruit/dataset/Chili Growth Stage Original Dataset (1)/Chili Growth Stage Original Dataset/Flower/Flower00347.JPG,1,1,Flower,Flower,0.026931763,0.87890625,0.0635376,0.017990112,0.012878418
MobileNetV3_Small,3,clean,/home/bt/Documents/Po/chili_fruit/dataset/Chili Growth Stage Original Dataset (1)/Chili Growth Stage Original Dataset/Flower/Flower00353.JPG,1,1,Flower,Flower,0.024887085,0.8901367,0.036315918,0.029663086,0.019210815
MobileNetV3_Small,3,clean,/home/bt/Documents/Po/chili_fruit/dataset/Chili Growth Stage Original Dataset (1)/Chili Growth Stage Original Dataset/Flower/Flower00365.JPG,1,1,Flower,Flower,0.033111572,0.8823242,0.028305054,0.01777649,0.038482666
MobileNetV3_Small,3,clean,/home/bt/Documents/Po/chili_fruit/dataset/Chili Growth Stage Original Dataset (1)/Chili Growth Stage Original Dataset/Flower/Flower00367.JPG,1,1,Flower,Flower,0.028167725,0.87109375,0.02696228,0.026412964,0.04714966
MobileNetV3_Small,3,clean,/home/bt/Documents/Po/chili_fruit/dataset/Chili Growth Stage Original Dataset (1)/Chili Growth Stage Original Dataset/Flower/Flower00369.JPG,1,1,Flower,Flower,0.036712646,0.8466797,0.044891357,0.02809143,0.043823242
MobileNetV3_Small,3,clean,/home/bt/Documents/Po/chili_fruit/dataset/Chili Growth Stage Original Dataset (1)/Chili Growth Stage Original Dataset/Flower/Flower00379.JPG,1,1,Flower,Flower,0.015975952,0.9423828,0.021026611,0.0095825195,0.011016846
MobileNetV3_Small,3,clean,/home/bt/Documents/Po/chili_fruit/dataset/Chili Growth Stage Original Dataset (1)/Chili Growth Stage Original Dataset/Flower/Flower00383.JPG,1,1,Flower,Flower,0.041503906,0.8227539,0.061462402,0.03338623,0.040802002
MobileNetV3_Small,3,clean,/home/bt/Documents/Po/chili_fruit/dataset/Chili Growth Stage Original Dataset (1)/Chili Growth Stage Original Dataset/Flower/Flower00386.JPG,1,1,Flower,Flower,0.027557373,0.87841797,0.033721924,0.019073486,0.041381836
MobileNetV3_Small,3,clean,/home/bt/Documents/Po/chili_fruit/dataset/Chili Growth Stage Original Dataset (1)/Chili Growth Stage Original Dataset/Flower/Flower00390.JPG,1,1,Flower,Flower,0.014884949,0.9472656,0.018310547,0.013053894,0.0065460205
MobileNetV3_Small,3,clean,/home/bt/Documents/Po/chili_fruit/dataset/Chili Growth Stage Original Dataset (1)/Chili Growth Stage Original Dataset/Green Chili/Green Chili00007.JPG,2,2,Green Chili,Green Chili,0.014518738,0.020263672,0.9277344,0.013496399,0.023849487
MobileNetV3_Small,3,clean,/home/bt/Documents/Po/chili_fruit/dataset/Chili Growth Stage Original Dataset (1)/Chili Growth Stage Original Dataset/Green Chili/Green Chili00023.JPG,2,2,Green Chili,Green Chili,0.03338623,0.083496094,0.78564453,0.058654785,0.038848877
MobileNetV3_Small,3,clean,/home/bt/Documents/Po/chili_fruit/dataset/Chili Growth Stage Original Dataset (1)/Chili Growth Stage Original Dataset/Green Chili/Green Chili00024.JPG,2,2,Green Chili,Green Chili,0.031799316,0.07098389,0.8022461,0.066101074,0.029067993
MobileNetV3_Small,3,clean,/home/bt/Documents/Po/chili_fruit/dataset/Chili Growth Stage Original Dataset (1)/Chili Growth Stage Original Dataset/Green Chili/Green Chili00026.JPG,2,2,Green Chili,Green Chili,0.02935791,0.07733154,0.80810547,0.062805176,0.022613525
MobileNetV3_Small,3,clean,/home/bt/Documents/Po/chili_fruit/dataset/Chili Growth Stage Original Dataset (1)/Chili Growth Stage Original Dataset/Green Chili/Green Chili00028.JPG,2,2,Green Chili,Green Chili,0.028045654,0.033599854,0.8847656,0.029922485,0.023803711
MobileNetV3_Small,3,clean,/home/bt/Documents/Po/chili_fruit/dataset/Chili Growth Stage Original Dataset (1)/Chili Growth Stage Original Dataset/Green Chili/Green Chili00037.JPG,2,2,Green Chili,Green Chili,0.038757324,0.05606079,0.5761719,0.08874512,0.2401123
MobileNetV3_Small,3,clean,/home/bt/Documents/Po/chili_fruit/dataset/Chili Growth Stage Original Dataset (1)/Chili Growth Stage Original Dataset/Green Chili/Green Chili00046.JPG,2,2,Green Chili,Green Chili,0.08898926,0.061645508,0.39819336,0.09124756,0.35986328
MobileNetV3_Small,3,clean,/home/bt/Documents/Po/chili_fruit/dataset/Chili Growth Stage Original Dataset (1)/Chili Growth Stage Original Dataset/Green Chili/Green Chili00054.JPG,2,2,Green Chili,Green Chili,0.011291504,0.0234375,0.9291992,0.022735596,0.013374329
MobileNetV3_Small,3,clean,/home/bt/Documents/Po/chili_fruit/dataset/Chili Growth Stage Original Dataset (1)/Chili Growth Stage Original Dataset/Green Chili/Green Chili00057.JPG,2,2,Green Chili,Green Chili,0.012496948,0.053131104,0.90722656,0.012580872,0.014381409
MobileNetV3_Small,3,clean,/home/bt/Documents/Po/chili_fruit/dataset/Chili Growth Stage Original Dataset (1)/Chili Growth Stage Original Dataset/Green Chili/Green Chili00076.JPG,2,2,Green Chili,Green Chili,0.035095215,0.054473877,0.7631836,0.11395264,0.03353882
MobileNetV3_Small,3,clean,/home/bt/Documents/Po/chili_fruit/dataset/Chili Growth Stage Original Dataset (1)/Chili Growth Stage Original Dataset/Green Chili/Green Chili00081.JPG,2,2,Green Chili,Green Chili,0.04953003,0.04006958,0.8046875,0.04812622,0.057373047
MobileNetV3_Small,3,clean,/home/bt/Documents/Po/chili_fruit/dataset/Chili Growth Stage Original Dataset (1)/Chili Growth Stage Original Dataset/Green Chili/Green Chili00102.JPG,2,2,Green Chili,Green Chili,0.0496521,0.03756714,0.82910156,0.03842163,0.04550171
MobileNetV3_Small,3,clean,/home/bt/Documents/Po/chili_fruit/dataset/Chili Growth Stage Original Dataset (1)/Chili Growth Stage Original Dataset/Green Chili/Green Chili00115.JPG,2,2,Green Chili,Green Chili,0.020584106,0.031982422,0.9116211,0.014678955,0.020980835
MobileNetV3_Small,3,clean,/home/bt/Documents/Po/chili_fruit/dataset/Chili Growth Stage Original Dataset (1)/Chili Growth Stage Original Dataset/Green Chili/Green Chili00123.JPG,2,2,Green Chili,Green Chili,0.021194458,0.044769287,0.90283203,0.012123108,0.019104004
MobileNetV3_Small,3,clean,/home/bt/Documents/Po/chili_fruit/dataset/Chili Growth Stage Original Dataset (1)/Chili Growth Stage Original Dataset/Green Chili/Green Chili00131.JPG,2,2,Green Chili,Green Chili,0.021575928,0.06137085,0.8510742,0.016952515,0.049072266
MobileNetV3_Small,3,clean,/home/bt/Documents/Po/chili_fruit/dataset/Chili Growth Stage Original Dataset (1)/Chili Growth Stage Original Dataset/Green Chili/Green Chili00139.JPG,2,2,Green Chili,Green Chili,0.02305603,0.111572266,0.73583984,0.0826416,0.04714966
MobileNetV3_Small,3,clean,/home/bt/Documents/Po/chili_fruit/dataset/Chili Growth Stage Original Dataset (1)/Chili Growth Stage Original Dataset/Green Chili/Green Chili00145.JPG,2,2,Green Chili,Green Chili,0.0128479,0.0181427,0.93310547,0.023788452,0.012321472
MobileNetV3_Small,3,clean,/home/bt/Documents/Po/chili_fruit/dataset/Chili Growth Stage Original Dataset (1)/Chili Growth Stage Original Dataset/Green Chili/Green Chili00157.JPG,2,2,Green Chili,Green Chili,0.023651123,0.09832764,0.84375,0.017532349,0.016799927
MobileNetV3_Small,3,clean,/home/bt/Documents/Po/chili_fruit/dataset/Chili Growth Stage Original Dataset (1)/Chili Growth Stage Original Dataset/Green Chili/Green Chili00168.JPG,2,2,Green Chili,Green Chili,0.035339355,0.06866455,0.7792969,0.087890625,0.02897644
MobileNetV3_Small,3,clean,/home/bt/Documents/Po/chili_fruit/dataset/Chili Growth Stage Original Dataset (1)/Chili Growth Stage Original Dataset/Green Chili/Green Chili00176.JPG,2,2,Green Chili,Green Chili,0.051330566,0.088012695,0.65478516,0.050323486,0.15551758
MobileNetV3_Small,3,clean,/home/bt/Documents/Po/chili_fruit/dataset/Chili Growth Stage Original Dataset (1)/Chili Growth Stage Original Dataset/Green Chili/Green Chili00201.JPG,2,2,Green Chili,Green Chili,0.062683105,0.25170898,0.5629883,0.056488037,0.066223145
MobileNetV3_Small,3,clean,/home/bt/Documents/Po/chili_fruit/dataset/Chili Growth Stage Original Dataset (1)/Chili Growth Stage Original Dataset/Green Chili/Green Chili00214.JPG,2,2,Green Chili,Green Chili,0.045288086,0.023391724,0.85058594,0.04916382,0.03164673
MobileNetV3_Small,3,clean,/home/bt/Documents/Po/chili_fruit/dataset/Chili Growth Stage Original Dataset (1)/Chili Growth Stage Original Dataset/Green Chili/Green Chili00218.JPG,2,2,Green Chili,Green Chili,0.023757935,0.043670654,0.87890625,0.032409668,0.021408081
MobileNetV3_Small,3,clean,/home/bt/Documents/Po/chili_fruit/dataset/Chili Growth Stage Original Dataset (1)/Chili Growth Stage Original Dataset/Green Chili/Green Chili00219.JPG,2,2,Green Chili,Green Chili,0.01751709,0.01928711,0.92041016,0.027740479,0.015090942
MobileNetV3_Small,3,clean,/home/bt/Documents/Po/chili_fruit/dataset/Chili Growth Stage Original Dataset (1)/Chili Growth Stage Original Dataset/Green Chili/Green Chili00222.JPG,2,2,Green Chili,Green Chili,0.018539429,0.033081055,0.88671875,0.037506104,0.024276733
MobileNetV3_Small,3,clean,/home/bt/Documents/Po/chili_fruit/dataset/Chili Growth Stage Original Dataset (1)/Chili Growth Stage Original Dataset/Green Chili/Green Chili00243.JPG,2,2,Green Chili,Green Chili,0.021530151,0.10772705,0.8149414,0.016021729,0.039794922
MobileNetV3_Small,3,clean,/home/bt/Documents/Po/chili_fruit/dataset/Chili Growth Stage Original Dataset (1)/Chili Growth Stage Original Dataset/Green Chili/Green Chili00257.JPG,2,2,Green Chili,Green Chili,0.029830933,0.1116333,0.75341797,0.037078857,0.067871094
MobileNetV3_Small,3,clean,/home/bt/Documents/Po/chili_fruit/dataset/Chili Growth Stage Original Dataset (1)/Chili Growth Stage Original Dataset/Green Chili/Green Chili00258.JPG,2,2,Green Chili,Green Chili,0.017868042,0.046691895,0.8935547,0.025161743,0.01675415
MobileNetV3_Small,3,clean,/home/bt/Documents/Po/chili_fruit/dataset/Chili Growth Stage Original Dataset (1)/Chili Growth Stage Original Dataset/Green Chili/Green Chili00265.JPG,2,2,Green Chili,Green Chili,0.020706177,0.029556274,0.8964844,0.02494812,0.028396606
MobileNetV3_Small,3,clean,/home/bt/Documents/Po/chili_fruit/dataset/Chili Growth Stage Original Dataset (1)/Chili Growth Stage Original Dataset/Green Chili/Green Chili00308.JPG,2,2,Green Chili,Green Chili,0.0184021,0.014862061,0.91845703,0.011802673,0.036346436
MobileNetV3_Small,3,clean,/home/bt/Documents/Po/chili_fruit/dataset/Chili Growth Stage Original Dataset (1)/Chili Growth Stage Original Dataset/Green Chili/Green Chili00311.JPG,2,2,Green Chili,Green Chili,0.09490967,0.05404663,0.71972656,0.037597656,0.09350586
MobileNetV3_Small,3,clean,/home/bt/Documents/Po/chili_fruit/dataset/Chili Growth Stage Original Dataset (1)/Chili Growth Stage Original Dataset/Green Chili/Green Chili00321.JPG,2,2,Green Chili,Green Chili,0.028274536,0.030578613,0.91552734,0.0129470825,0.012672424
MobileNetV3_Small,3,clean,/home/bt/Documents/Po/chili_fruit/dataset/Chili Growth Stage Original Dataset (1)/Chili Growth Stage Original Dataset/Green Chili/Green Chili00328.JPG,2,2,Green Chili,Green Chili,0.03250122,0.033081055,0.8383789,0.026641846,0.06933594
MobileNetV3_Small,3,clean,/home/bt/Documents/Po/chili_fruit/dataset/Chili Growth Stage Original Dataset (1)/Chili Growth Stage Original Dataset/Red Chili/Red Chili00008.JPG,3,3,Red Chili,Red Chili,0.020233154,0.013397217,0.0061683655,0.9316406,0.028503418
MobileNetV3_Small,3,clean,/home/bt/Documents/Po/chili_fruit/dataset/Chili Growth Stage Original Dataset (1)/Chili Growth Stage Original Dataset/Red Chili/Red Chili00014.JPG,3,3,Red Chili,Red Chili,0.01184082,0.009986877,0.008178711,0.95166016,0.018203735
MobileNetV3_Small,3,clean,/home/bt/Documents/Po/chili_fruit/dataset/Chili Growth Stage Original Dataset (1)/Chili Growth Stage Original Dataset/Red Chili/Red Chili00029.JPG,3,3,Red Chili,Red Chili,0.0135650635,0.009712219,0.012863159,0.9609375,0.0027427673
MobileNetV3_Small,3,clean,/home/bt/Documents/Po/chili_fruit/dataset/Chili Growth Stage Original Dataset (1)/Chili Growth Stage Original Dataset/Red Chili/Red Chili00037.JPG,3,3,Red Chili,Red Chili,0.021713257,0.019454956,0.008285522,0.9326172,0.018035889
MobileNetV3_Small,3,clean,/home/bt/Documents/Po/chili_fruit/dataset/Chili Growth Stage Original Dataset (1)/Chili Growth Stage Original Dataset/Red Chili/Red Chili00038.JPG,3,3,Red Chili,Red Chili,0.026306152,0.02079773,0.008384705,0.9213867,0.02331543
MobileNetV3_Small,3,clean,/home/bt/Documents/Po/chili_fruit/dataset/Chili Growth Stage Original Dataset (1)/Chili Growth Stage Original Dataset/Red Chili/Red Chili00040.JPG,3,3,Red Chili,Red Chili,0.018508911,0.008834839,0.0059280396,0.96191406,0.004901886
MobileNetV3_Small,3,clean,/home/bt/Documents/Po/chili_fruit/dataset/Chili Growth Stage Original Dataset (1)/Chili Growth Stage Original Dataset/Red Chili/Red Chili00048.JPG,3,3,Red Chili,Red Chili,0.010055542,0.013656616,0.015670776,0.95654297,0.003917694
MobileNetV3_Small,3,clean,/home/bt/Documents/Po/chili_fruit/dataset/Chili Growth Stage Original Dataset (1)/Chili Growth Stage Original Dataset/Red Chili/Red Chili00061.JPG,3,3,Red Chili,Red Chili,0.027755737,0.014045715,0.008224487,0.9326172,0.017471313
MobileNetV3_Small,3,clean,/home/bt/Documents/Po/chili_fruit/dataset/Chili Growth Stage Original Dataset (1)/Chili Growth Stage Original Dataset/Red Chili/Red Chili00065.JPG,3,3,Red Chili,Red Chili,0.04598999,0.038116455,0.029205322,0.79833984,0.08856201
MobileNetV3_Small,3,clean,/home/bt/Documents/Po/chili_fruit/dataset/Chili Growth Stage Original Dataset (1)/Chili Growth Stage Original Dataset/Red Chili/Red Chili00068.JPG,3,3,Red Chili,Red Chili,0.020721436,0.019821167,0.012176514,0.94189453,0.0052452087
MobileNetV3_Small,3,clean,/home/bt/Documents/Po/chili_fruit/dataset/Chili Growth Stage Original Dataset (1)/Chili Growth Stage Original Dataset/Red Chili/Red Chili00078.JPG,3,3,Red Chili,Red Chili,0.028030396,0.013763428,0.012611389,0.91845703,0.027313232
MobileNetV3_Small,3,clean,/home/bt/Documents/Po/chili_fruit/dataset/Chili Growth Stage Original Dataset (1)/Chili Growth Stage Original Dataset/Red Chili/Red Chili00095.JPG,3,3,Red Chili,Red Chili,0.015655518,0.014022827,0.009994507,0.9506836,0.009468079
MobileNetV3_Small,3,clean,/home/bt/Documents/Po/chili_fruit/dataset/Chili Growth Stage Original Dataset (1)/Chili Growth Stage Original Dataset/Red Chili/Red Chili00097.JPG,3,3,Red Chili,Red Chili,0.011062622,0.009338379,0.008712769,0.96435547,0.006629944
MobileNetV3_Small,3,clean,/home/bt/Documents/Po/chili_fruit/dataset/Chili Growth Stage Original Dataset (1)/Chili Growth Stage Original Dataset/Red Chili/Red Chili00106.JPG,3,3,Red Chili,Red Chili,0.0146484375,0.013771057,0.006389618,0.9550781,0.010154724
MobileNetV3_Small,3,clean,/home/bt/Documents/Po/chili_fruit/dataset/Chili Growth Stage Original Dataset (1)/Chili Growth Stage Original Dataset/Red Chili/Red Chili00126.JPG,3,3,Red Chili,Red Chili,0.016174316,0.009468079,0.0042915344,0.9589844,0.011047363
MobileNetV3_Small,3,clean,/home/bt/Documents/Po/chili_fruit/dataset/Chili Growth Stage Original Dataset (1)/Chili Growth Stage Original Dataset/Red Chili/Red Chili00154.JPG,3,3,Red Chili,Red Chili,0.013847351,0.009223938,0.0058555603,0.96777344,0.0032367706
MobileNetV3_Small,3,clean,/home/bt/Documents/Po/chili_fruit/dataset/Chili Growth Stage Original Dataset (1)/Chili Growth Stage Original Dataset/Red Chili/Red Chili00182.JPG,3,3,Red Chili,Red Chili,0.019134521,0.012992859,0.008049011,0.94921875,0.010551453
MobileNetV3_Small,3,clean,/home/bt/Documents/Po/chili_fruit/dataset/Chili Growth Stage Original Dataset (1)/Chili Growth Stage Original Dataset/Red Chili/Red Chili00188.JPG,3,3,Red Chili,Red Chili,0.013671875,0.010406494,0.0047302246,0.9604492,0.010643005
MobileNetV3_Small,3,clean,/home/bt/Documents/Po/chili_fruit/dataset/Chili Growth Stage Original Dataset (1)/Chili Growth Stage Original Dataset/Red Chili/Red Chili00192.JPG,3,3,Red Chili,Red Chili,0.01146698,0.010116577,0.011978149,0.9604492,0.0061798096
MobileNetV3_Small,3,clean,/home/bt/Documents/Po/chili_fruit/dataset/Chili Growth Stage Original Dataset (1)/Chili Growth Stage Original Dataset/Red Chili/Red Chili00199.JPG,3,3,Red Chili,Red Chili,0.033111572,0.035736084,0.015205383,0.88720703,0.028564453
MobileNetV3_Small,3,clean,/home/bt/Documents/Po/chili_fruit/dataset/Chili Growth Stage Original Dataset (1)/Chili Growth Stage Original Dataset/Rotten Chili/Rotten Chili00008.JPG,4,4,Rotten Chili,Rotten Chili,0.018249512,0.042755127,0.014854431,0.03793335,0.88623047
MobileNetV3_Small,3,clean,/home/bt/Documents/Po/chili_fruit/dataset/Chili Growth Stage Original Dataset (1)/Chili Growth Stage Original Dataset/Rotten Chili/Rotten Chili00013.JPG,4,4,Rotten Chili,Rotten Chili,0.07183838,0.023895264,0.03756714,0.026062012,0.8408203
MobileNetV3_Small,3,clean,/home/bt/Documents/Po/chili_fruit/dataset/Chili Growth Stage Original Dataset (1)/Chili Growth Stage Original Dataset/Rotten Chili/Rotten Chili00024.JPG,4,4,Rotten Chili,Rotten Chili,0.029769897,0.022994995,0.0155181885,0.043792725,0.8876953
MobileNetV3_Small,3,clean,/home/bt/Documents/Po/chili_fruit/dataset/Chili Growth Stage Original Dataset (1)/Chili Growth Stage Original Dataset/Rotten Chili/Rotten Chili00027.JPG,4,4,Rotten Chili,Rotten Chili,0.036712646,0.028121948,0.017410278,0.040527344,0.8774414
MobileNetV3_Small,3,clean,/home/bt/Documents/Po/chili_fruit/dataset/Chili Growth Stage Original Dataset (1)/Chili Growth Stage Original Dataset/Rotten Chili/Rotten Chili00055.JPG,4,4,Rotten Chili,Rotten Chili,0.045043945,0.064575195,0.06604004,0.1673584,0.65722656
MobileNetV3_Small,3,clean,/home/bt/Documents/Po/chili_fruit/dataset/Chili Growth Stage Original Dataset (1)/Chili Growth Stage Original Dataset/Rotten Chili/Rotten Chili00065.JPG,4,4,Rotten Chili,Rotten Chili,0.04928589,0.13354492,0.03768921,0.17944336,0.60009766
MobileNetV3_Small,3,clean,/home/bt/Documents/Po/chili_fruit/dataset/Chili Growth Stage Original Dataset (1)/Chili Growth Stage Original Dataset/Rotten Chili/Rotten Chili00069.JPG,4,4,Rotten Chili,Rotten Chili,0.027267456,0.023971558,0.029937744,0.18908691,0.7294922
MobileNetV3_Small,3,clean,/home/bt/Documents/Po/chili_fruit/dataset/Chili Growth Stage Original Dataset (1)/Chili Growth Stage Original Dataset/Rotten Chili/Rotten Chili00071.JPG,4,4,Rotten Chili,Rotten Chili,0.039855957,0.04156494,0.03152466,0.38476562,0.5024414
MobileNetV3_Small,3,clean,/home/bt/Documents/Po/chili_fruit/dataset/Chili Growth Stage Original Dataset (1)/Chili Growth Stage Original Dataset/Rotten Chili/Rotten Chili00073.JPG,4,4,Rotten Chili,Rotten Chili,0.011398315,0.0067977905,0.0019626617,0.015136719,0.96484375
MobileNetV3_Small,3,clean,/home/bt/Documents/Po/chili_fruit/dataset/Chili Growth Stage Original Dataset (1)/Chili Growth Stage Original Dataset/Rotten Chili/Rotten Chili00079.JPG,4,4,Rotten Chili,Rotten Chili,0.022354126,0.036895752,0.019744873,0.04168701,0.87939453
MobileNetV3_Small,3,clean,/home/bt/Documents/Po/chili_fruit/dataset/Chili Growth Stage Original Dataset (1)/Chili Growth Stage Original Dataset/Rotten Chili/Rotten Chili00105.JPG,4,4,Rotten Chili,Rotten Chili,0.020980835,0.040527344,0.03265381,0.058624268,0.84716797
MobileNetV3_Small,3,clean,/home/bt/Documents/Po/chili_fruit/dataset/Chili Growth Stage Original Dataset (1)/Chili Growth Stage Original Dataset/Rotten Chili/Rotten Chili00106.JPG,4,4,Rotten Chili,Rotten Chili,0.017837524,0.03604126,0.021987915,0.055236816,0.86865234
MobileNetV3_Small,3,clean,/home/bt/Documents/Po/chili_fruit/dataset/Chili Growth Stage Original Dataset (1)/Chili Growth Stage Original Dataset/Rotten Chili/Rotten Chili00113.JPG,4,4,Rotten Chili,Rotten Chili,0.021743774,0.015823364,0.0034503937,0.09979248,0.859375
MobileNetV3_Small,3,clean,/home/bt/Documents/Po/chili_fruit/dataset/Chili Growth Stage Original Dataset (1)/Chili Growth Stage Original Dataset/Rotten Chili/Rotten Chili00115.JPG,4,4,Rotten Chili,Rotten Chili,0.013961792,0.013999939,0.003686905,0.05709839,0.9111328
MobileNetV3_Small,3,clean,/home/bt/Documents/Po/chili_fruit/dataset/Chili Growth Stage Original Dataset (1)/Chili Growth Stage Original Dataset/Rotten Chili/Rotten Chili00128.JPG,4,4,Rotten Chili,Rotten Chili,0.030776978,0.026062012,0.010261536,0.0692749,0.86376953
MobileNetV3_Small,3,clean,/home/bt/Documents/Po/chili_fruit/dataset/Chili Growth Stage Original Dataset (1)/Chili Growth Stage Original Dataset/Rotten Chili/Rotten Chili00133.JPG,4,4,Rotten Chili,Rotten Chili,0.0289917,0.019592285,0.00831604,0.034240723,0.9086914
MobileNetV3_Small,3,clean,/home/bt/Documents/Po/chili_fruit/dataset/Chili Growth Stage Original Dataset (1)/Chili Growth Stage Original Dataset/Rotten Chili/Rotten Chili00147.JPG,4,4,Rotten Chili,Rotten Chili,0.03845215,0.030654907,0.00957489,0.06585693,0.85546875
MobileNetV3_Small,3,clean,/home/bt/Documents/Po/chili_fruit/dataset/Chili Growth Stage Original Dataset (1)/Chili Growth Stage Original Dataset/Rotten Chili/Rotten Chili00166.JPG,4,4,Rotten Chili,Rotten Chili,0.02067566,0.011024475,0.012062073,0.032287598,0.9238281
MobileNetV3_Small,3,clean,/home/bt/Documents/Po/chili_fruit/dataset/Chili Growth Stage Original Dataset (1)/Chili Growth Stage Original Dataset/Rotten Chili/Rotten Chili00177.JPG,4,4,Rotten Chili,Rotten Chili,0.039001465,0.029571533,0.025268555,0.04208374,0.8642578
MobileNetV3_Small,3,clean,/home/bt/Documents/Po/chili_fruit/dataset/Chili Growth Stage Original Dataset (1)/Chili Growth Stage Original Dataset/Rotten Chili/Rotten Chili00179.JPG,4,4,Rotten Chili,Rotten Chili,0.023452759,0.006690979,0.0053138733,0.010734558,0.9536133
MobileNetV3_Small,3,clean,/home/bt/Documents/Po/chili_fruit/dataset/Chili Growth Stage Original Dataset (1)/Chili Growth Stage Original Dataset/Rotten Chili/Rotten Chili00183.JPG,4,4,Rotten Chili,Rotten Chili,0.012001038,0.005054474,0.0039405823,0.0065345764,0.97265625
MobileNetV3_Small,3,clean,/home/bt/Documents/Po/chili_fruit/dataset/Chili Growth Stage Original Dataset (1)/Chili Growth Stage Original Dataset/Rotten Chili/Rotten Chili00190.JPG,4,4,Rotten Chili,Rotten Chili,0.018753052,0.007484436,0.005332947,0.014831543,0.9536133
MobileNetV3_Small,3,clean,/home/bt/Documents/Po/chili_fruit/dataset/Chili Growth Stage Original Dataset (1)/Chili Growth Stage Original Dataset/Rotten Chili/Rotten Chili00206.JPG,4,4,Rotten Chili,Rotten Chili,0.042999268,0.017547607,0.017730713,0.027252197,0.89453125
MobileNetV3_Small,3,clean,/home/bt/Documents/Po/chili_fruit/dataset/Chili Growth Stage Original Dataset (1)/Chili Growth Stage Original Dataset/Rotten Chili/Rotten Chili00229.JPG,4,4,Rotten Chili,Rotten Chili,0.028625488,0.021911621,0.009544373,0.045928955,0.89404297
MobileNetV3_Small,3,clean,/home/bt/Documents/Po/chili_fruit/dataset/Chili Growth Stage Original Dataset (1)/Chili Growth Stage Original Dataset/Rotten Chili/Rotten Chili00247.JPG,4,4,Rotten Chili,Rotten Chili,0.01461792,0.01789856,0.012329102,0.05441284,0.9008789
MobileNetV3_Small,3,clean,/home/bt/Documents/Po/chili_fruit/dataset/Chili Growth Stage Original Dataset (1)/Chili Growth Stage Original Dataset/Rotten Chili/Rotten Chili00275.JPG,4,4,Rotten Chili,Rotten Chili,0.047027588,0.029678345,0.029449463,0.045837402,0.84814453
MobileNetV3_Small,3,clean,/home/bt/Documents/Po/chili_fruit/dataset/Chili Growth Stage Original Dataset (1)/Chili Growth Stage Original Dataset/Rotten Chili/Rotten Chili00277.JPG,4,4,Rotten Chili,Rotten Chili,0.06677246,0.042175293,0.040405273,0.07501221,0.7758789
MobileNetV3_Small,3,clean,/home/bt/Documents/Po/chili_fruit/dataset/Chili Growth Stage Original Dataset (1)/Chili Growth Stage Original Dataset/Rotten Chili/Rotten Chili00285.JPG,4,4,Rotten Chili,Rotten Chili,0.0075035095,0.011306763,0.0007157326,0.0109939575,0.9692383
MobileNetV3_Small,3,clean,/home/bt/Documents/Po/chili_fruit/dataset/Chili Growth Stage Original Dataset (1)/Chili Growth Stage Original Dataset/Rotten Chili/Rotten Chili00296.JPG,4,4,Rotten Chili,Rotten Chili,0.009498596,0.016723633,0.0010118484,0.016403198,0.95654297
MobileNetV3_Small,3,clean,/home/bt/Documents/Po/chili_fruit/dataset/Chili Growth Stage Original Dataset (1)/Chili Growth Stage Original Dataset/Rotten Chili/Rotten Chili00301.JPG,4,4,Rotten Chili,Rotten Chili,0.009414673,0.011505127,0.0009431839,0.01235199,0.9658203
MobileNetV3_Small,3,clean,/home/bt/Documents/Po/chili_fruit/dataset/Chili Growth Stage Original Dataset (1)/Chili Growth Stage Original Dataset/Rotten Chili/Rotten Chili00305.JPG,4,4,Rotten Chili,Rotten Chili,0.020904541,0.017868042,0.010047913,0.026763916,0.9243164
MobileNetV3_Small,3,clean,/home/bt/Documents/Po/chili_fruit/dataset/Chili Growth Stage Original Dataset (1)/Chili Growth Stage Original Dataset/Rotten Chili/Rotten Chili00312.JPG,4,4,Rotten Chili,Rotten Chili,0.02897644,0.017929077,0.010986328,0.034729004,0.90722656
MobileNetV3_Small,3,clean,/home/bt/Documents/Po/chili_fruit/dataset/Chili Growth Stage Original Dataset (1)/Chili Growth Stage Original Dataset/Rotten Chili/Rotten Chili00315.JPG,4,4,Rotten Chili,Rotten Chili,0.030822754,0.028213501,0.013031006,0.051696777,0.87597656
MobileNetV3_Small,3,clean,/home/bt/Documents/Po/chili_fruit/dataset/Chili Growth Stage Original Dataset (1)/Chili Growth Stage Original Dataset/Rotten Chili/Rotten Chili00317.JPG,4,4,Rotten Chili,Rotten Chili,0.033843994,0.029800415,0.016845703,0.053222656,0.86621094
MobileNetV3_Small,3,clean,/home/bt/Documents/Po/chili_fruit/dataset/Chili Growth Stage Original Dataset (1)/Chili Growth Stage Original Dataset/Rotten Chili/Rotten Chili00324.JPG,4,4,Rotten Chili,Rotten Chili,0.016189575,0.023666382,0.007835388,0.035980225,0.9165039
MobileNetV3_Small,3,clean,/home/bt/Documents/Po/chili_fruit/dataset/Chili Growth Stage Original Dataset (1)/Chili Growth Stage Original Dataset/Rotten Chili/Rotten Chili00345.JPG,4,4,Rotten Chili,Rotten Chili,0.028366089,0.0413208,0.019836426,0.034820557,0.8754883
MobileNetV3_Small,3,clean,/home/bt/Documents/Po/chili_fruit/dataset/Chili Growth Stage Original Dataset (1)/Chili Growth Stage Original Dataset/Rotten Chili/Rotten Chili00353.JPG,4,4,Rotten Chili,Rotten Chili,0.04296875,0.024612427,0.01852417,0.036132812,0.8779297
MobileNetV3_Small,3,clean,/home/bt/Documents/Po/chili_fruit/dataset/Chili Growth Stage Original Dataset (1)/Chili Growth Stage Original Dataset/Rotten Chili/Rotten Chili00376.JPG,4,4,Rotten Chili,Rotten Chili,0.034240723,0.03579712,0.049041748,0.083984375,0.796875
