repeat,seed,regime,job_tag,holdout,method,train_channels,parameters,selected_epoch,best_validation_log10_BER,training_seconds
0,260816,mixed,MIXED,,PNND,AWGN|Rayleigh|RicianLOS|Impulsive,24904,8000,-1.0745692545351198,47.05567004799377
0,260816,mixed,MIXED,,RNND_Zhu,AWGN|Rayleigh|RicianLOS|Impulsive,25816,7000,-1.1876031206345234,76.36486835905816
0,260816,mixed,MIXED,,CNN_RNND,AWGN|Rayleigh|RicianLOS|Impulsive,27033,7600,-1.135142530299686,67.42487125203479
0,260816,mixed,MIXED,,Proposed_CA_CNN_RNND,AWGN|Rayleigh|RicianLOS|Impulsive,27417,7800,-1.2268017412563528,68.91161130403634
0,260816,matched,MATCHED_AWGN,,PNND,AWGN,24904,7400,-1.8866888516061862,47.06182578904554
0,260816,matched,MATCHED_AWGN,,RNND_Zhu,AWGN,25816,7400,-1.882788204805816,77.08083899505436
0,260816,matched,MATCHED_AWGN,,CNN_RNND,AWGN,27033,7000,-1.6716374085675572,63.964995544054545
0,260816,matched,MATCHED_AWGN,,Proposed_CA_CNN_RNND,AWGN,27417,7800,-1.6039307980501913,64.52291720500216
0,260816,matched,MATCHED_Rayleigh,,PNND,Rayleigh,24904,7400,-0.6932921835622206,46.12269487604499
0,260816,matched,MATCHED_Rayleigh,,RNND_Zhu,Rayleigh,25816,7800,-0.795604391346998,77.14118146698456
0,260816,matched,MATCHED_Rayleigh,,CNN_RNND,Rayleigh,27033,7800,-0.798012779521478,65.85304158099461
0,260816,matched,MATCHED_Rayleigh,,Proposed_CA_CNN_RNND,Rayleigh,27417,7800,-1.0161927599798173,66.48347555904184
0,260816,matched,MATCHED_RicianLOS,,PNND,RicianLOS,24904,8000,-1.0910667429320156,42.180514368927106
0,260816,matched,MATCHED_RicianLOS,,RNND_Zhu,RicianLOS,25816,7200,-1.155739928582143,75.67823055805638
0,260816,matched,MATCHED_RicianLOS,,CNN_RNND,RicianLOS,27033,7800,-1.095419357673702,64.85618049500044
0,260816,matched,MATCHED_RicianLOS,,Proposed_CA_CNN_RNND,RicianLOS,27417,8000,-1.2675631503854075,65.72410064190626
0,260816,matched,MATCHED_Impulsive,,PNND,Impulsive,24904,8000,-0.8537544233527452,44.78480609296821
0,260816,matched,MATCHED_Impulsive,,RNND_Zhu,Impulsive,25816,7800,-1.0846132567493425,75.24619494308718
0,260816,matched,MATCHED_Impulsive,,CNN_RNND,Impulsive,27033,7800,-1.0813503329012284,62.62529993802309
0,260816,matched,MATCHED_Impulsive,,Proposed_CA_CNN_RNND,Impulsive,27417,7600,-1.0949473506513019,63.793160466011614
0,260816,unseen,UNSEEN_Impulsive,Impulsive,PNND,AWGN|Rayleigh|RicianLOS,24904,7400,-1.116649639353841,43.38999188400339
0,260816,unseen,UNSEEN_Impulsive,Impulsive,RNND_Zhu,AWGN|Rayleigh|RicianLOS,25816,7400,-1.2512229019169858,74.12159826501738
0,260816,unseen,UNSEEN_Impulsive,Impulsive,CNN_RNND,AWGN|Rayleigh|RicianLOS,27033,7600,-1.150535375768928,62.62486162595451
0,260816,unseen,UNSEEN_Impulsive,Impulsive,Proposed_CA_CNN_RNND,AWGN|Rayleigh|RicianLOS,27417,8000,-1.3076203487725202,64.73546796198934
1,260817,mixed,MIXED,,PNND,AWGN|Rayleigh|RicianLOS|Impulsive,24904,8000,-1.1177970434836466,44.55346201895736
1,260817,mixed,MIXED,,RNND_Zhu,AWGN|Rayleigh|RicianLOS|Impulsive,25816,8000,-1.1989869042475685,75.98296284500975
1,260817,mixed,MIXED,,CNN_RNND,AWGN|Rayleigh|RicianLOS|Impulsive,27033,7800,-1.1422309759003033,63.99294457898941
1,260817,mixed,MIXED,,Proposed_CA_CNN_RNND,AWGN|Rayleigh|RicianLOS|Impulsive,27417,8000,-1.2574824575448587,64.83131939906161
1,260817,matched,MATCHED_AWGN,,PNND,AWGN,24904,7800,-1.7510055400110232,42.65383673401084
1,260817,matched,MATCHED_AWGN,,RNND_Zhu,AWGN,25816,7800,-1.7935593641556247,72.05381423397921
1,260817,matched,MATCHED_AWGN,,CNN_RNND,AWGN,27033,7800,-1.5720180617740844,63.222181394929066
1,260817,matched,MATCHED_AWGN,,Proposed_CA_CNN_RNND,AWGN,27417,7800,-1.6050466356710062,62.469377086963505
1,260817,matched,MATCHED_Rayleigh,,PNND,Rayleigh,24904,7800,-0.680273830556673,44.21577198302839
1,260817,matched,MATCHED_Rayleigh,,RNND_Zhu,Rayleigh,25816,8000,-0.7944558764643873,71.36312759306747
1,260817,matched,MATCHED_Rayleigh,,CNN_RNND,Rayleigh,27033,7800,-0.7838366999823416,67.6747878040187
1,260817,matched,MATCHED_Rayleigh,,Proposed_CA_CNN_RNND,Rayleigh,27417,8000,-1.0126557017329838,67.62002280494198
1,260817,matched,MATCHED_RicianLOS,,PNND,RicianLOS,24904,8000,-1.078562971418533,46.927991404081695
1,260817,matched,MATCHED_RicianLOS,,RNND_Zhu,RicianLOS,25816,7600,-1.1414136853789745,78.49487323104404
1,260817,matched,MATCHED_RicianLOS,,CNN_RNND,RicianLOS,27033,8000,-1.094824674195682,66.92291805194691
1,260817,matched,MATCHED_RicianLOS,,Proposed_CA_CNN_RNND,RicianLOS,27417,7400,-1.3068131165927115,67.27051517996006
1,260817,matched,MATCHED_Impulsive,,PNND,Impulsive,24904,8000,-0.9478219127660806,48.993426623987034
1,260817,matched,MATCHED_Impulsive,,RNND_Zhu,Impulsive,25816,8000,-1.0746719748948266,79.13405628292821
1,260817,matched,MATCHED_Impulsive,,CNN_RNND,Impulsive,27033,8000,-1.0725291397993506,68.27789751591627
1,260817,matched,MATCHED_Impulsive,,Proposed_CA_CNN_RNND,Impulsive,27417,7800,-1.0897269250919002,68.54467485193163
1,260817,unseen,UNSEEN_Impulsive,Impulsive,PNND,AWGN|Rayleigh|RicianLOS,24904,7800,-1.1568720910182346,47.50034269597381
1,260817,unseen,UNSEEN_Impulsive,Impulsive,RNND_Zhu,AWGN|Rayleigh|RicianLOS,25816,8000,-1.2182428214479026,77.51403252896853
1,260817,unseen,UNSEEN_Impulsive,Impulsive,CNN_RNND,AWGN|Rayleigh|RicianLOS,27033,8000,-1.1394967279910722,66.78315417608246
1,260817,unseen,UNSEEN_Impulsive,Impulsive,Proposed_CA_CNN_RNND,AWGN|Rayleigh|RicianLOS,27417,7800,-1.2820244538306114,66.91106990096159
2,260818,mixed,MIXED,,PNND,AWGN|Rayleigh|RicianLOS|Impulsive,24904,7200,-1.0425254583770578,47.34180022694636
2,260818,mixed,MIXED,,RNND_Zhu,AWGN|Rayleigh|RicianLOS|Impulsive,25816,8000,-1.175395751373693,77.79092301498167
2,260818,mixed,MIXED,,CNN_RNND,AWGN|Rayleigh|RicianLOS|Impulsive,27033,8000,-1.1309049752206441,67.37805151892826
2,260818,mixed,MIXED,,Proposed_CA_CNN_RNND,AWGN|Rayleigh|RicianLOS|Impulsive,27417,8000,-1.2396916475993573,68.08909228094853
2,260818,matched,MATCHED_AWGN,,PNND,AWGN,24904,8000,-1.7920783191498777,45.78184625401627
2,260818,matched,MATCHED_AWGN,,RNND_Zhu,AWGN,25816,7800,-1.7835183156396286,76.07279222505167
2,260818,matched,MATCHED_AWGN,,CNN_RNND,AWGN,27033,7400,-1.5712710580995313,65.34235455899034
2,260818,matched,MATCHED_AWGN,,Proposed_CA_CNN_RNND,AWGN,27417,7800,-1.568051654757964,65.49422880390193
2,260818,matched,MATCHED_Rayleigh,,PNND,Rayleigh,24904,7800,-0.737519954824112,45.98197292396799
2,260818,matched,MATCHED_Rayleigh,,RNND_Zhu,Rayleigh,25816,7800,-0.7871964510061025,74.9583487380296
2,260818,matched,MATCHED_Rayleigh,,CNN_RNND,Rayleigh,27033,7800,-0.7672355964857924,63.15401544806082
2,260818,matched,MATCHED_Rayleigh,,Proposed_CA_CNN_RNND,Rayleigh,27417,7800,-1.0178279815072364,65.44768891495187
2,260818,matched,MATCHED_RicianLOS,,PNND,RicianLOS,24904,7600,-1.098463016588239,44.48887162900064
2,260818,matched,MATCHED_RicianLOS,,RNND_Zhu,RicianLOS,25816,8000,-1.1651193676529117,73.9471257320838
2,260818,matched,MATCHED_RicianLOS,,CNN_RNND,RicianLOS,27033,8000,-1.1215716065043755,67.12168157007545
2,260818,matched,MATCHED_RicianLOS,,Proposed_CA_CNN_RNND,RicianLOS,27417,7800,-1.2988594311762314,68.01628035900649
2,260818,matched,MATCHED_Impulsive,,PNND,Impulsive,24904,7800,-0.87952085036383,48.54805510502774
2,260818,matched,MATCHED_Impulsive,,RNND_Zhu,Impulsive,25816,8000,-1.0583667732361848,78.95210203307215
2,260818,matched,MATCHED_Impulsive,,CNN_RNND,Impulsive,27033,8000,-1.0739362224501083,68.2113800359657
2,260818,matched,MATCHED_Impulsive,,Proposed_CA_CNN_RNND,Impulsive,27417,8000,-1.0701299637937418,69.30269172799308
2,260818,unseen,UNSEEN_Impulsive,Impulsive,PNND,AWGN|Rayleigh|RicianLOS,24904,7800,-1.148455994496396,47.35659520793706
2,260818,unseen,UNSEEN_Impulsive,Impulsive,RNND_Zhu,AWGN|Rayleigh|RicianLOS,25816,7800,-1.2714908131155815,75.89790672599338
2,260818,unseen,UNSEEN_Impulsive,Impulsive,CNN_RNND,AWGN|Rayleigh|RicianLOS,27033,8000,-1.164622845862076,65.14786960498895
2,260818,unseen,UNSEEN_Impulsive,Impulsive,Proposed_CA_CNN_RNND,AWGN|Rayleigh|RicianLOS,27417,8000,-1.322142111666869,64.55269931000657
3,260819,mixed,MIXED,,PNND,AWGN|Rayleigh|RicianLOS|Impulsive,24904,8000,-1.137928286722735,45.06294713902753
3,260819,mixed,MIXED,,RNND_Zhu,AWGN|Rayleigh|RicianLOS|Impulsive,25816,7400,-1.2074834308840285,75.57952092797495
3,260819,mixed,MIXED,,CNN_RNND,AWGN|Rayleigh|RicianLOS|Impulsive,27033,7600,-1.1240726457026087,65.3758813450113
3,260819,mixed,MIXED,,Proposed_CA_CNN_RNND,AWGN|Rayleigh|RicianLOS|Impulsive,27417,7400,-1.2071489224975924,65.64189796696883
3,260819,matched,MATCHED_AWGN,,PNND,AWGN,24904,6600,-1.7897912484684737,42.74299301800784
3,260819,matched,MATCHED_AWGN,,RNND_Zhu,AWGN,25816,5800,-1.8390091463532032,73.57813989999704
3,260819,matched,MATCHED_AWGN,,CNN_RNND,AWGN,27033,7400,-1.6545097544393705,62.41672543401364
3,260819,matched,MATCHED_AWGN,,Proposed_CA_CNN_RNND,AWGN,27417,8000,-1.6356476939885694,63.16178719396703
3,260819,matched,MATCHED_Rayleigh,,PNND,Rayleigh,24904,8000,-0.6821302759180418,43.85729870700743
3,260819,matched,MATCHED_Rayleigh,,RNND_Zhu,Rayleigh,25816,7600,-0.7856915603749643,74.02640728105325
3,260819,matched,MATCHED_Rayleigh,,CNN_RNND,Rayleigh,27033,8000,-0.7537986325312527,63.524025606922805
3,260819,matched,MATCHED_Rayleigh,,Proposed_CA_CNN_RNND,Rayleigh,27417,7800,-0.9914427566007983,63.751259967917576
3,260819,matched,MATCHED_RicianLOS,,PNND,RicianLOS,24904,7600,-1.099066288205423,44.36451144993771
3,260819,matched,MATCHED_RicianLOS,,RNND_Zhu,RicianLOS,25816,7800,-1.1540154092137698,73.95924604707398
3,260819,matched,MATCHED_RicianLOS,,CNN_RNND,RicianLOS,27033,7800,-1.1252270768609896,63.90324181399774
3,260819,matched,MATCHED_RicianLOS,,Proposed_CA_CNN_RNND,RicianLOS,27417,7800,-1.2637217289150744,65.39861244091298
3,260819,matched,MATCHED_Impulsive,,PNND,Impulsive,24904,6800,-0.8549346534820168,49.36509934999049
3,260819,matched,MATCHED_Impulsive,,RNND_Zhu,Impulsive,25816,8000,-1.0604768589383484,79.29957717400976
3,260819,matched,MATCHED_Impulsive,,CNN_RNND,Impulsive,27033,7800,-1.0736064481617213,69.16475189803168
3,260819,matched,MATCHED_Impulsive,,Proposed_CA_CNN_RNND,Impulsive,27417,8000,-1.0859084828411376,69.08188845904078
3,260819,unseen,UNSEEN_Impulsive,Impulsive,PNND,AWGN|Rayleigh|RicianLOS,24904,8000,-1.1600801262268814,46.83131565700751
3,260819,unseen,UNSEEN_Impulsive,Impulsive,RNND_Zhu,AWGN|Rayleigh|RicianLOS,25816,7200,-1.2624563992009092,76.82361508905888
3,260819,unseen,UNSEEN_Impulsive,Impulsive,CNN_RNND,AWGN|Rayleigh|RicianLOS,27033,8000,-1.1701677087102411,66.99508632102516
3,260819,unseen,UNSEEN_Impulsive,Impulsive,Proposed_CA_CNN_RNND,AWGN|Rayleigh|RicianLOS,27417,7800,-1.3239101507735902,67.64366001496091
4,260820,mixed,MIXED,,PNND,AWGN|Rayleigh|RicianLOS|Impulsive,24904,8000,-1.0919365315335159,47.87876722693909
4,260820,mixed,MIXED,,RNND_Zhu,AWGN|Rayleigh|RicianLOS|Impulsive,25816,7600,-1.2180156322509124,77.79318910895381
4,260820,mixed,MIXED,,CNN_RNND,AWGN|Rayleigh|RicianLOS|Impulsive,27033,8000,-1.1245363772353771,68.0313674689969
4,260820,mixed,MIXED,,Proposed_CA_CNN_RNND,AWGN|Rayleigh|RicianLOS|Impulsive,27417,8000,-1.2288692985249285,68.6709659070475
4,260820,matched,MATCHED_AWGN,,PNND,AWGN,24904,6600,-1.7680656637803494,45.12631643307395
4,260820,matched,MATCHED_AWGN,,RNND_Zhu,AWGN,25816,7800,-1.8444209395023505,76.2639478520723
4,260820,matched,MATCHED_AWGN,,CNN_RNND,AWGN,27033,7800,-1.6433401773402836,65.5041891480796
4,260820,matched,MATCHED_AWGN,,Proposed_CA_CNN_RNND,AWGN,27417,7800,-1.5903249565627455,66.45121079997625
4,260820,matched,MATCHED_Rayleigh,,PNND,Rayleigh,24904,7600,-0.6453730979316474,46.22905170696322
4,260820,matched,MATCHED_Rayleigh,,RNND_Zhu,Rayleigh,25816,7600,-0.8076626350551948,77.22792003501672
4,260820,matched,MATCHED_Rayleigh,,CNN_RNND,Rayleigh,27033,8000,-0.8028476734543799,65.75127373996656
4,260820,matched,MATCHED_Rayleigh,,Proposed_CA_CNN_RNND,Rayleigh,27417,7800,-1.0362235804307316,66.80993973498698
4,260820,matched,MATCHED_RicianLOS,,PNND,RicianLOS,24904,7800,-1.0934355544311698,46.50453897798434
4,260820,matched,MATCHED_RicianLOS,,RNND_Zhu,RicianLOS,25816,7600,-1.1448747382541469,77.19986865192186
4,260820,matched,MATCHED_RicianLOS,,CNN_RNND,RicianLOS,27033,8000,-1.1001675230685297,65.50579456298146
4,260820,matched,MATCHED_RicianLOS,,Proposed_CA_CNN_RNND,RicianLOS,27417,8000,-1.273395433168648,64.01192227192223
4,260820,matched,MATCHED_Impulsive,,PNND,Impulsive,24904,8000,-0.9325927852998839,46.13257076300215
4,260820,matched,MATCHED_Impulsive,,RNND_Zhu,Impulsive,25816,7000,-1.0529002726595826,75.53696739801671
4,260820,matched,MATCHED_Impulsive,,CNN_RNND,Impulsive,27033,8000,-1.0565792077935006,66.56439368100837
4,260820,matched,MATCHED_Impulsive,,Proposed_CA_CNN_RNND,Impulsive,27417,8000,-1.0902053118758346,66.81593557703309
4,260820,unseen,UNSEEN_Impulsive,Impulsive,PNND,AWGN|Rayleigh|RicianLOS,24904,6600,-1.1874725579198104,44.33784873702098
4,260820,unseen,UNSEEN_Impulsive,Impulsive,RNND_Zhu,AWGN|Rayleigh|RicianLOS,25816,7400,-1.2587553913522964,74.57567569497041
4,260820,unseen,UNSEEN_Impulsive,Impulsive,CNN_RNND,AWGN|Rayleigh|RicianLOS,27033,7600,-1.1606209671094836,62.020022743032314
4,260820,unseen,UNSEEN_Impulsive,Impulsive,Proposed_CA_CNN_RNND,AWGN|Rayleigh|RicianLOS,27417,7600,-1.2961630728384816,64.96889192203525
