regime,job_tag,holdout,channel,snr_db,method,repeats,BER_mean,BER_std,BLER_mean,BLER_std,SER_no_denoise_mean,SER_no_denoise_std,SER_after_mean,SER_after_std,SNR_before_dB_mean,SNR_before_dB_std,SNR_after_dB_mean,SNR_after_dB_std,SNR_gain_dB_mean,SNR_gain_dB_std,us_per_frame_mean,us_per_frame_std,BER_mean_std
matched,MATCHED_AWGN,,AWGN,0.0,CNN_RNND,5,0.16056722005208332,0.0006001186879308168,0.499267578125,0.005436660838261442,0.158453369140625,0.0005206331225869891,0.15849711100260416,0.0004730142572163262,0.0025090236266112433,0.007339021756389102,3.277743583168232,0.030122862394896293,3.2752345595416203,0.02849545119843682,0.806712402360669,0.020993481349018663,1.606e-01 ± 6.00e-04
matched,MATCHED_AWGN,,AWGN,0.0,ML,5,0.12483927408854165,0.0011434797115271907,0.2968587239583333,0.0024518278003386753,,0.0,,0.0,,0.0,,0.0,,0.0,0.5884844730038215,0.12772503845775043,1.248e-01 ± 1.14e-03
matched,MATCHED_AWGN,,AWGN,0.0,PNND,5,0.139886474609375,0.004440366461306766,0.4260579427083334,0.017756333464407265,0.158453369140625,0.0005206331225869891,,0.0,0.0025090236266112433,0.007339021756389102,,0.0,,0.0,0.6207158018393482,0.024269888470995735,1.399e-01 ± 4.44e-03
matched,MATCHED_AWGN,,AWGN,0.0,Proposed_CA_CNN_RNND,5,0.15006510416666669,0.0034858086795924496,0.47607421875,0.013248113045994351,0.158453369140625,0.0005206331225869891,0.15858357747395832,0.0004570906601390783,0.0025090236266112433,0.007339021756389102,3.4552455502827124,0.009184850526084068,3.452736526656101,0.011972052333993186,0.8235359359787253,0.046292293146467586,1.501e-01 ± 3.49e-03
matched,MATCHED_AWGN,,AWGN,0.0,RNND_Zhu,5,0.1377685546875,0.002034090635658244,0.38935546875,0.005353989000749544,0.158453369140625,0.0005206331225869891,0.09246724446614582,0.001035260079332893,0.0025090236266112433,0.007339021756389102,5.325294545756194,0.0727744184851918,5.322785522129584,0.07915766693433691,0.8149254218399923,0.030826436628680235,1.378e-01 ± 2.03e-03
matched,MATCHED_AWGN,,AWGN,0.0,SC,5,0.12519938151041665,0.0017239295576753854,0.29902343749999993,0.002529733588223167,,0.0,,0.0,,0.0,,0.0,,0.0,1.7543641263273457,0.030902467272407894,1.252e-01 ± 1.72e-03
matched,MATCHED_AWGN,,AWGN,1.0,CNN_RNND,5,0.1109375,0.0019474822229684798,0.3736490885416667,0.006353548363792372,0.13069254557291665,0.0009640877052844136,0.13075358072916665,0.0008181566717221236,1.0035628242523142,0.01332476353169603,4.1600776024365,0.01966871584697238,3.1565147781841874,0.026474285736251883,0.7688195807986631,0.03199520180196066,1.109e-01 ± 1.95e-03
matched,MATCHED_AWGN,,AWGN,1.0,ML,5,0.07813517252604166,0.0019553357434240605,0.187255859375,0.005158503903561361,,0.0,,0.0,,0.0,,0.0,,0.0,0.5718721846884971,0.07064200202246523,7.814e-02 ± 1.96e-03
matched,MATCHED_AWGN,,AWGN,1.0,PNND,5,0.09390462239583333,0.00392450860283943,0.3070475260416667,0.017348974012025942,0.13069254557291665,0.0009640877052844136,,0.0,1.0035628242523142,0.01332476353169603,,0.0,,0.0,0.5728447244261284,0.0436709822435275,9.390e-02 ± 3.92e-03
matched,MATCHED_AWGN,,AWGN,1.0,Proposed_CA_CNN_RNND,5,0.103289794921875,0.0032054790127557633,0.351025390625,0.013490300693363978,0.13069254557291665,0.0009640877052844136,0.13069661458333331,0.0009257138429362614,1.0035628242523142,0.01332476353169603,4.231159196132511,0.023890210082456436,3.227596371880197,0.01893833375018241,0.7776049282407864,0.02265210642331994,1.033e-01 ± 3.21e-03
matched,MATCHED_AWGN,,AWGN,1.0,RNND_Zhu,5,0.09064127604166666,0.0018737837149049895,0.27027994791666665,0.005371525294374488,0.13069254557291665,0.0009640877052844136,0.063787841796875,0.0010983172304871655,1.0035628242523142,0.01332476353169603,6.783106828932108,0.12378870568888126,5.779544004679794,0.11462413211077861,0.7285030941754183,0.031293861081696316,9.064e-02 ± 1.87e-03
matched,MATCHED_AWGN,,AWGN,1.0,SC,5,0.07823486328125,0.001867419234242485,0.188671875,0.0042402134332579534,,0.0,,0.0,,0.0,,0.0,,0.0,1.6884184882807556,0.07294329862547352,7.823e-02 ± 1.87e-03
matched,MATCHED_AWGN,,AWGN,2.0,CNN_RNND,5,0.07041219075520833,0.002920218459383445,0.250830078125,0.010317874368573387,0.10477803548177085,0.00042090785661873974,0.1048004150390625,0.0003987708058537987,1.9851279162865247,0.011709327154095523,5.128815221459307,0.02096802168533554,3.1436873051727825,0.019548375187124305,0.7789809709872013,0.01743617878035895,7.041e-02 ± 2.92e-03
matched,MATCHED_AWGN,,AWGN,2.0,ML,5,0.04335734049479167,0.0011324310756773215,0.10374348958333335,0.001961077289571823,,0.0,,0.0,,0.0,,0.0,,0.0,0.5521373698987493,0.04646922275868509,4.336e-02 ± 1.13e-03
matched,MATCHED_AWGN,,AWGN,2.0,PNND,5,0.05621134440104166,0.00214904574251744,0.19388020833333333,0.012661698663779995,0.10477803548177085,0.00042090785661873974,,0.0,1.9851279162865247,0.011709327154095523,,0.0,,0.0,0.5686971197368014,0.016919809256436567,5.621e-02 ± 2.15e-03
matched,MATCHED_AWGN,,AWGN,2.0,Proposed_CA_CNN_RNND,5,0.06520182291666668,0.0018261965128369322,0.23377278645833335,0.008360920383929573,0.10477803548177085,0.00042090785661873974,0.10477498372395833,0.00040582833353438084,1.9851279162865247,0.011709327154095523,5.154271633562199,0.014163981433399721,3.1691437172756745,0.011766383619013445,0.7741835929664376,0.0352026862038745,6.520e-02 ± 1.83e-03
matched,MATCHED_AWGN,,AWGN,2.0,RNND_Zhu,5,0.05265096028645834,0.001270108214120864,0.16559244791666666,0.003111343212401082,0.10477803548177085,0.00042090785661873974,0.04138387044270833,0.0005299314930625837,1.9851279162865247,0.011709327154095523,8.433303055525554,0.10373838749089609,6.448175139239031,0.09977948170541479,0.7568830900102814,0.04755395843069966,5.265e-02 ± 1.27e-03
matched,MATCHED_AWGN,,AWGN,2.0,SC,5,0.043865966796875,0.0013443022992662337,0.10519205729166665,0.0021443337444311157,,0.0,,0.0,,0.0,,0.0,,0.0,1.6848067370271262,0.06941562733985267,4.387e-02 ± 1.34e-03
matched,MATCHED_AWGN,,AWGN,3.0,CNN_RNND,5,0.0374267578125,0.0008051218590931351,0.14638671875,0.0067779015059026065,0.07907511393229168,0.0006312029866955247,0.07921549479166667,0.0006117338845578648,2.9929487692319094,0.008459881741180252,6.277113985306928,0.02860008799875994,3.2841652160750194,0.02151416431688271,0.7646957840279356,0.028670062432015937,3.743e-02 ± 8.05e-04
matched,MATCHED_AWGN,,AWGN,3.0,ML,5,0.019258626302083335,0.0009272747128006013,0.047347005208333334,0.001842682265260281,,0.0,,0.0,,0.0,,0.0,,0.0,0.5448099936226452,0.06228010886621529,1.926e-02 ± 9.27e-04
matched,MATCHED_AWGN,,AWGN,3.0,PNND,5,0.028267415364583336,0.0023009750221286932,0.10694986979166665,0.008738885511411271,0.07907511393229168,0.0006312029866955247,,0.0,2.9929487692319094,0.008459881741180252,,0.0,,0.0,0.5515592761184963,0.02384179651163014,2.827e-02 ± 2.30e-03
matched,MATCHED_AWGN,,AWGN,3.0,Proposed_CA_CNN_RNND,5,0.03602294921875,0.0018212145851777537,0.13953450520833333,0.007704862208282988,0.07907511393229168,0.0006312029866955247,0.079150390625,0.0005545029855664892,2.9929487692319094,0.008459881741180252,6.312955610543023,0.02573335696815988,3.320006841311114,0.017734459310472194,0.7688313644393929,0.03189897704721449,3.602e-02 ± 1.82e-03
matched,MATCHED_AWGN,,AWGN,3.0,RNND_Zhu,5,0.025921630859375,0.0012724484241124368,0.08816731770833333,0.0029948580084929927,0.07907511393229168,0.0006312029866955247,0.024765014648437497,0.0005633136756982798,2.9929487692319094,0.008459881741180252,10.304941938463909,0.14851323585715703,7.311993169231998,0.14233827980193084,0.7280879060544976,0.033042903147832675,2.592e-02 ± 1.27e-03
matched,MATCHED_AWGN,,AWGN,3.0,SC,5,0.019303385416666666,0.0009618982699970215,0.04747721354166667,0.001723070974639549,,0.0,,0.0,,0.0,,0.0,,0.0,1.6997974133422153,0.06453596735290058,1.930e-02 ± 9.62e-04
matched,MATCHED_AWGN,,AWGN,4.0,CNN_RNND,5,0.016705322265625,0.0007891874287897637,0.06987304687500001,0.005589996973202571,0.056587727864583326,0.00041901670774830904,0.056756591796875,0.00039534695026627233,3.9909628429982646,0.013834149423890165,7.579211403514874,0.0409583499849313,3.588248560516609,0.047160479222593844,0.7455422822507292,0.02135403137266686,1.671e-02 ± 7.89e-04
matched,MATCHED_AWGN,,AWGN,4.0,ML,5,0.00684814453125,0.0006580531537120517,0.016666666666666666,0.00178053498371134,,0.0,,0.0,,0.0,,0.0,,0.0,0.5810262033871065,0.06543161870620508,6.848e-03 ± 6.58e-04
matched,MATCHED_AWGN,,AWGN,4.0,PNND,5,0.012192789713541667,0.0012723508318618962,0.04913736979166666,0.004949629637694845,0.056587727864583326,0.00041901670774830904,,0.0,3.9909628429982646,0.013834149423890165,,0.0,,0.0,0.5477636875639291,0.02605708468660269,1.219e-02 ± 1.27e-03
matched,MATCHED_AWGN,,AWGN,4.0,Proposed_CA_CNN_RNND,5,0.017421468098958334,0.0012325265285460327,0.07275390625,0.005123399582821075,0.056587727864583326,0.00041901670774830904,0.05666605631510417,0.0003864890592755707,3.9909628429982646,0.013834149423890165,7.728871054340729,0.03020421722883099,3.7379082113424635,0.022696198244660057,0.7420144186198739,0.02072960435621247,1.742e-02 ± 1.23e-03
matched,MATCHED_AWGN,,AWGN,4.0,RNND_Zhu,5,0.010628255208333333,0.00080235375968998,0.03776041666666667,0.001994230266087703,0.056587727864583326,0.00041901670774830904,0.013099161783854165,0.0002041043266664882,3.9909628429982646,0.013834149423890165,12.351285265905853,0.1495004243121703,8.360322422907586,0.1506723737067928,0.708161360307713,0.02997746106028463,1.063e-02 ± 8.02e-04
matched,MATCHED_AWGN,,AWGN,4.0,SC,5,0.006953938802083333,0.0006540783949134309,0.016975911458333333,0.0018166206260703218,,0.0,,0.0,,0.0,,0.0,,0.0,1.71116625817073,0.08542740659401062,6.954e-03 ± 6.54e-04
matched,MATCHED_AWGN,,AWGN,5.0,CNN_RNND,5,0.0063720703125,0.0007477187235654049,0.02877604166666667,0.002573210788240066,0.037785847981770836,0.0007933918200700061,0.03789469401041667,0.0008420308046946774,5.000182204543591,0.026004799353416628,9.033234006750202,0.055314635692183235,4.033051802206614,0.059265079985659816,0.7671184391710995,0.038059870728856846,6.372e-03 ± 7.48e-04
matched,MATCHED_AWGN,,AWGN,5.0,ML,5,0.0018607923719618055,0.0001635466939592603,0.004477403428819445,0.0003528589120732099,,0.0,,0.0,,0.0,,0.0,,0.0,0.5372790843062426,0.027475277244625798,1.861e-03 ± 1.64e-04
matched,MATCHED_AWGN,,AWGN,5.0,PNND,5,0.004099222819010416,0.0008773827004516934,0.018435872395833334,0.003878924266153997,0.037835693359375,0.0006349657275172636,,0.0,4.999715807403946,0.024628434342354438,,0.0,,0.0,0.5798174061055761,0.00946403525674105,4.099e-03 ± 8.77e-04
matched,MATCHED_AWGN,,AWGN,5.0,Proposed_CA_CNN_RNND,5,0.007320149739583334,0.0008920441153937841,0.03284505208333334,0.004128231157402146,0.037785847981770836,0.0007933918200700061,0.037882486979166664,0.0008661519144815432,5.000182204543591,0.026004799353416628,9.428650396190701,0.09283573476128414,4.428468191647109,0.06931748389120941,0.7613968894778129,0.03666107451136838,7.320e-03 ± 8.92e-04
matched,MATCHED_AWGN,,AWGN,5.0,RNND_Zhu,5,0.0033799235026041666,0.00020531070982631442,0.013507486979166667,0.0005228765464681013,0.03769866943359375,0.000340285365053608,0.0064816284179687505,0.00012598623194290544,5.00279356452852,0.013337623598656085,14.424616178024738,0.2276559854966809,9.421822613496214,0.2269157358518418,0.6992301251784738,0.012188788812662731,3.380e-03 ± 2.05e-04
matched,MATCHED_AWGN,,AWGN,5.0,SC,5,0.0018937755766369046,0.00021093089443623026,0.004539543030753969,0.0004323026666838943,,0.0,,0.0,,0.0,,0.0,,0.0,1.717380084972406,0.07580684673573171,1.894e-03 ± 2.11e-04
matched,MATCHED_AWGN,,AWGN,6.0,CNN_RNND,5,0.0018430413140190969,0.0001955296198526731,0.009112955729166667,0.0010953162515525995,0.022963231404622395,0.00018825230182175352,0.023015068901909724,0.00016819128256890633,6.002133946600872,0.004008965202488177,10.681167023031326,0.141223778677982,4.679033076430455,0.14368461295134,0.7382211666929884,0.013042917402121372,1.843e-03 ± 1.96e-04
matched,MATCHED_AWGN,,AWGN,6.0,ML,5,0.00035999999999999997,2.3717082451262848e-05,0.000872,8.438009243891595e-05,,0.0,,0.0,,0.0,,0.0,,0.0,0.5451383178588003,0.017589655263909047,3.600e-04 ± 2.37e-05
matched,MATCHED_AWGN,,AWGN,6.0,PNND,5,0.001119217594742497,0.0002477869855609343,0.005428674515588578,0.0012492767170865396,0.02294705406491295,8.857805703251626e-05,,0.0,6.003467704982848,0.005455261543122073,,0.0,,0.0,0.5512738783068811,0.030777374443426278,1.119e-03 ± 2.48e-04
matched,MATCHED_AWGN,,AWGN,6.0,Proposed_CA_CNN_RNND,5,0.002743094308035714,0.00033528474699344137,0.013165690104166666,0.001449595932509817,0.022914603097098217,0.00031989339759874263,0.022925516764322917,0.0003119934361789957,6.0008047458232046,0.0043902977453736825,11.51414630803869,0.03255338900967186,5.513341562215487,0.031921985234474495,0.7423532069121089,0.01840792920251675,2.743e-03 ± 3.35e-04
matched,MATCHED_AWGN,,AWGN,6.0,RNND_Zhu,5,0.0008790508069490132,6.736002441192886e-05,0.0037875205592105264,0.00035238367899675124,0.022956196221035702,0.00010008979126355243,0.002582329906546295,5.9339110313933026e-05,6.002561119650356,0.005737473857629035,16.48167881234138,0.3324714403203218,10.479117692691023,0.3304845657529977,0.6961756728150312,0.011630269943397869,8.791e-04 ± 6.74e-05
matched,MATCHED_AWGN,,AWGN,6.0,SC,5,0.00035999999999999997,2.6809513236909044e-05,0.000874,8.203657720797475e-05,,0.0,,0.0,,0.0,,0.0,,0.0,1.7353382497094572,0.07074764562685622,3.600e-04 ± 2.68e-05
matched,MATCHED_AWGN,,AWGN,7.0,CNN_RNND,5,0.00043975000000000004,7.773351915358007e-05,0.00228,0.00036242240548840245,0.012619625,6.739952012069565e-05,0.012657499999999999,7.109907260295283e-05,7.001255818161144,0.004618327645376247,12.492982773804979,0.20872546422406732,5.491726955643837,0.21233628222104714,0.743113290052861,0.01915087559300264,4.398e-04 ± 7.77e-05
matched,MATCHED_AWGN,,AWGN,7.0,ML,5,4.075e-05,1.6877314656070142e-05,0.00010800000000000002,4.7644516998286385e-05,,0.0,,0.0,,0.0,,0.0,,0.0,0.5467095298226923,0.024042675952154948,4.075e-05 ± 1.69e-05
matched,MATCHED_AWGN,,AWGN,7.0,PNND,5,0.00022950000000000002,4.748025905573812e-05,0.001196,0.00026235472170326954,0.012619625,6.739952012069565e-05,,0.0,7.001255818161144,0.004618327645376247,,0.0,,0.0,0.5619080041069537,0.02587670923063096,2.295e-04 ± 4.75e-05
matched,MATCHED_AWGN,,AWGN,7.0,Proposed_CA_CNN_RNND,5,0.000785734934056607,0.00011354787331121046,0.0041468708422264435,0.0006485542668293423,0.012617195538904794,8.649869537809962e-05,0.012675686272494194,0.0001291409705573548,7.000525575162671,0.004088712436097643,13.973419820218925,0.12833134135966554,6.972894245056255,0.12851317646989893,0.7431029987648001,0.016996539504323026,7.857e-04 ± 1.14e-04
matched,MATCHED_AWGN,,AWGN,7.0,RNND_Zhu,5,0.00017125000000000002,7.551903733496606e-06,0.000806,6.94982014155762e-05,0.012619625,6.739952012069565e-05,0.000849625,6.591098400494412e-05,7.001255818161144,0.004618327645376247,18.268956094266702,0.4974511391252695,11.26770027610556,0.4995718409788188,0.7173721678555012,0.014713620228401074,1.713e-04 ± 7.55e-06
matched,MATCHED_AWGN,,AWGN,7.0,SC,5,4.075e-05,1.6877314656070142e-05,0.00010800000000000002,4.7644516998286385e-05,,0.0,,0.0,,0.0,,0.0,,0.0,1.7845590421929955,0.08173037970116423,4.075e-05 ± 1.69e-05
matched,MATCHED_Impulsive,,Impulsive,0.0,CNN_RNND,5,0.2225972493489583,0.0029865278725122765,0.63154296875,0.0077496437209624595,0.1845550537109375,0.0008046670646706301,0.184649658203125,0.0008788099942657343,-4.7786413306843425,0.06208318130504149,2.529186995297851,0.02414165570247055,7.307828325982195,0.06443467573774288,1.6018615061360229,0.08156369414678329,2.226e-01 ± 2.99e-03
matched,MATCHED_Impulsive,,Impulsive,0.0,ML,5,0.19279581705729168,0.002742402464074892,0.4444010416666667,0.004957317322997752,,0.0,,0.0,,0.0,,0.0,,0.0,91.82956954797798,3.847694551904464,1.928e-01 ± 2.74e-03
matched,MATCHED_Impulsive,,Impulsive,0.0,PNND,5,0.2477640787760417,0.007792126395735133,0.710009765625,0.024821203678824715,0.1845550537109375,0.0008046670646706301,,0.0,-4.7786413306843425,0.06208318130504149,,0.0,,0.0,1.4089074416763954,0.061728434669846226,2.478e-01 ± 7.79e-03
matched,MATCHED_Impulsive,,Impulsive,0.0,Proposed_CA_CNN_RNND,5,0.21053263346354165,0.0018388005066343439,0.6138834635416666,0.007704432419738589,0.1845550537109375,0.0008046670646706301,0.18492838541666665,0.001026005283185053,-4.7786413306843425,0.06208318130504149,2.732812436959736,0.024356690485511832,7.511453767644079,0.06020077943009091,1.56308759831821,0.04661417083623983,2.105e-01 ± 1.84e-03
matched,MATCHED_Impulsive,,Impulsive,0.0,RNND_Zhu,5,0.218719482421875,0.002254023812039834,0.5796875,0.003233468256753793,0.1845550537109375,0.0008046670646706301,0.15052693684895832,0.0012790631832259084,-4.7786413306843425,0.06208318130504149,3.415008085551966,0.0492460798435261,8.193649416236308,0.07677888022185696,1.571878758947302,0.059468103389535516,2.187e-01 ± 2.25e-03
matched,MATCHED_Impulsive,,Impulsive,0.0,SC,5,0.19269205729166666,0.0024521126700001988,0.446533203125,0.004592036451714173,,0.0,,0.0,,0.0,,0.0,,0.0,2.467219043940834,0.11613862756854393,1.927e-01 ± 2.45e-03
matched,MATCHED_Impulsive,,Impulsive,1.0,CNN_RNND,5,0.1729349772135417,0.002330723075219404,0.5214518229166666,0.005819851418252084,0.15847066243489583,0.000861882239382716,0.15869954427083333,0.0009017874051713219,-3.778309780284367,0.033587250735098224,3.2113139712831194,0.02578724469062675,6.9896237515674855,0.03940908685132175,1.5641937864074862,0.07650373330637907,1.729e-01 ± 2.33e-03
matched,MATCHED_Impulsive,,Impulsive,1.0,ML,5,0.14485880533854167,0.0018466763450699448,0.3398600260416667,0.004701565021550698,,0.0,,0.0,,0.0,,0.0,,0.0,93.00699822650435,3.524312039802969,1.449e-01 ± 1.85e-03
matched,MATCHED_Impulsive,,Impulsive,1.0,PNND,5,0.20680338541666665,0.009435593963612939,0.6282226562500001,0.03146877006219491,0.15847066243489583,0.000861882239382716,,0.0,-3.778309780284367,0.033587250735098224,,0.0,,0.0,1.4326140463557142,0.0636564565730901,2.068e-01 ± 9.44e-03
matched,MATCHED_Impulsive,,Impulsive,1.0,Proposed_CA_CNN_RNND,5,0.16470947265624997,0.003619401348119635,0.5055501302083333,0.013399764706710992,0.15847066243489583,0.000861882239382716,0.1587432861328125,0.0010334405335841114,-3.778309780284367,0.033587250735098224,3.307349459025808,0.024283504535327457,7.085659239310175,0.041776444932157486,1.570549414964262,0.05679046121738808,1.647e-01 ± 3.62e-03
matched,MATCHED_Impulsive,,Impulsive,1.0,RNND_Zhu,5,0.17000935872395834,0.0027087929836884864,0.4731770833333333,0.007129157074996705,0.15847066243489583,0.000861882239382716,0.12060445149739585,0.001294987936238332,-3.778309780284367,0.033587250735098224,4.305013028762792,0.05511029456898149,8.08332280904716,0.06423958389021554,1.5631551434580615,0.10366664979371357,1.700e-01 ± 2.71e-03
matched,MATCHED_Impulsive,,Impulsive,1.0,SC,5,0.14579264322916669,0.002308435087136012,0.34275716145833335,0.005697312085274609,,0.0,,0.0,,0.0,,0.0,,0.0,2.4630882800617355,0.09230467075945328,1.458e-01 ± 2.31e-03
matched,MATCHED_Impulsive,,Impulsive,2.0,CNN_RNND,5,0.128009033203125,0.0019433705144804609,0.41298828125,0.009269738007608178,0.13310750325520834,0.00045522764402846093,0.13316752115885416,0.0005415305805735729,-2.7583494101131776,0.03294757403550947,3.9542390908361114,0.01733122288326434,6.712588500949289,0.025553091202873378,1.549951446122577,0.03570543727656563,1.280e-01 ± 1.94e-03
matched,MATCHED_Impulsive,,Impulsive,2.0,ML,5,0.10345865885416668,0.0015103649262083556,0.2465494791666667,0.0028913461513046155,,0.0,,0.0,,0.0,,0.0,,0.0,96.13561788720897,2.867601030548074,1.035e-01 ± 1.51e-03
matched,MATCHED_Impulsive,,Impulsive,2.0,PNND,5,0.168121337890625,0.012202709280599524,0.536767578125,0.04003254493659136,0.13310750325520834,0.00045522764402846093,,0.0,-2.7583494101131776,0.03294757403550947,,0.0,,0.0,1.417750843302201,0.050278970465987984,1.681e-01 ± 1.22e-02
matched,MATCHED_Impulsive,,Impulsive,2.0,Proposed_CA_CNN_RNND,5,0.12440592447916665,0.0034695144532657495,0.404833984375,0.013972130973388201,0.13310750325520834,0.00045522764402846093,0.13312276204427084,0.00047950001106172955,-2.7583494101131776,0.03294757403550947,3.9793684862228402,0.015706936656316346,6.737717896336018,0.02581053733912823,1.5445464991141005,0.04369420544365837,1.244e-01 ± 3.47e-03
matched,MATCHED_Impulsive,,Impulsive,2.0,RNND_Zhu,5,0.12815348307291669,0.002524539379532215,0.37172851562500003,0.00904353470263735,0.13310750325520834,0.00045522764402846093,0.09426371256510417,0.0013499118369703915,-2.7583494101131776,0.03294757403550947,5.266162979991469,0.06621704302513429,8.024512390104647,0.0424881764739499,1.5862065292064167,0.07354487198353474,1.282e-01 ± 2.52e-03
matched,MATCHED_Impulsive,,Impulsive,2.0,SC,5,0.10404866536458335,0.001335153246651065,0.248583984375,0.003060480156697177,,0.0,,0.0,,0.0,,0.0,,0.0,2.470227409882379,0.09385731729079022,1.040e-01 ± 1.34e-03
matched,MATCHED_Impulsive,,Impulsive,3.0,CNN_RNND,5,0.08972371419270833,0.0016698969144486305,0.30615234375,0.00928287452783047,0.109149169921875,0.0008391763687022779,0.10926717122395832,0.0008224929234653764,-1.761060080919627,0.031246539184592175,4.745915385894974,0.023648874373817415,6.506975466814602,0.04848863994573329,1.5599182934996256,0.040790577372256026,8.972e-02 ± 1.67e-03
matched,MATCHED_Impulsive,,Impulsive,3.0,ML,5,0.06817830403645833,0.0008093521525702517,0.16396484375,0.0018782791850181077,,0.0,,0.0,,0.0,,0.0,,0.0,98.53262613622368,3.4145202111428374,6.818e-02 ± 8.09e-04
matched,MATCHED_Impulsive,,Impulsive,3.0,PNND,5,0.13052775065104166,0.012020081638719933,0.4419270833333333,0.04046186803481947,0.109149169921875,0.0008391763687022779,,0.0,-1.761060080919627,0.031246539184592175,,0.0,,0.0,1.3978446437098078,0.06106703104502556,1.305e-01 ± 1.20e-02
matched,MATCHED_Impulsive,,Impulsive,3.0,Proposed_CA_CNN_RNND,5,0.08773600260416665,0.0025271040363674504,0.30301106770833336,0.012298458615135491,0.109149169921875,0.0008391763687022779,0.109149169921875,0.0008304373892429784,-1.761060080919627,0.031246539184592175,4.749447012620978,0.023878940722831064,6.510507093540605,0.05011709566826585,1.5721457183796397,0.04545463074130296,8.774e-02 ± 2.53e-03
matched,MATCHED_Impulsive,,Impulsive,3.0,RNND_Zhu,5,0.089898681640625,0.00043721748873315556,0.2760579427083333,0.003471035224626643,0.109149169921875,0.0008391763687022779,0.072021484375,0.00039777048331740637,-1.761060080919627,0.031246539184592175,6.293814668966368,0.04252922188508628,8.054874749885995,0.052523648166260914,1.5357871082718098,0.03179499772614957,8.990e-02 ± 4.37e-04
matched,MATCHED_Impulsive,,Impulsive,3.0,SC,5,0.06805013020833334,0.0004702854616230031,0.16464843750000002,0.0013585864589876488,,0.0,,0.0,,0.0,,0.0,,0.0,2.4739702951137588,0.1080451094748758,6.805e-02 ± 4.70e-04
matched,MATCHED_Impulsive,,Impulsive,4.0,CNN_RNND,5,0.06055094401041668,0.00197135313614382,0.2189453125,0.007836115430977742,0.0874114990234375,0.0007730400319669585,0.08747049967447916,0.0007898345811527382,-0.8243177384591766,0.04151980607631494,5.565133655579343,0.034470680532850406,6.38945139403852,0.04747150134705548,1.5653429992804981,0.019577304111783746,6.055e-02 ± 1.97e-03
matched,MATCHED_Impulsive,,Impulsive,4.0,ML,5,0.044051106770833334,0.00141188651624845,0.1064453125,0.003149739987038348,,0.0,,0.0,,0.0,,0.0,,0.0,101.0996093441463,3.5518648376983313,4.405e-02 ± 1.41e-03
matched,MATCHED_Impulsive,,Impulsive,4.0,PNND,5,0.1026611328125,0.012605598732219989,0.3607421875,0.04076532760296543,0.0874114990234375,0.0007730400319669585,,0.0,-0.8243177384591766,0.04151980607631494,,0.0,,0.0,1.3800064778024534,0.06559089235161777,1.027e-01 ± 1.26e-02
matched,MATCHED_Impulsive,,Impulsive,4.0,Proposed_CA_CNN_RNND,5,0.06048177083333332,0.002466586909717664,0.219970703125,0.011484561148797846,0.0874114990234375,0.0007730400319669585,0.0874969482421875,0.0007736689251304593,-0.8243177384591766,0.04151980607631494,5.598197965401846,0.03535009547212875,6.422515703861023,0.04870768944471811,1.5704793099757808,0.02983166330657673,6.048e-02 ± 2.47e-03
matched,MATCHED_Impulsive,,Impulsive,4.0,RNND_Zhu,5,0.06359456380208332,0.0012295424121431808,0.202197265625,0.00701231113057854,0.0874114990234375,0.0007730400319669585,0.0557647705078125,0.0009076264988051041,-0.8243177384591766,0.04151980607631494,7.270886690595999,0.06997571481754726,8.095204429055176,0.03080363805162219,1.5551573407416677,0.032840350371179786,6.359e-02 ± 1.23e-03
matched,MATCHED_Impulsive,,Impulsive,4.0,SC,5,0.044012451171875,0.0016677762599695376,0.10680338541666667,0.00334728974994872,,0.0,,0.0,,0.0,,0.0,,0.0,2.4827133302096627,0.12217914138039311,4.401e-02 ± 1.67e-03
matched,MATCHED_Impulsive,,Impulsive,5.0,CNN_RNND,5,0.04176025390625,0.0005054322726310876,0.15716145833333334,0.003367410359846665,0.0687744140625,0.0003916191325443688,0.06880900065104166,0.00033361775835229066,0.23897835682191965,0.02014876355953283,6.410024069233853,0.0189408853767112,6.171045712411932,0.034398050995604,1.5638108076624728,0.03235438396155794,4.176e-02 ± 5.05e-04
matched,MATCHED_Impulsive,,Impulsive,5.0,ML,5,0.02743937174479167,0.0008702297268734689,0.06668294270833333,0.0011731176498888285,,0.0,,0.0,,0.0,,0.0,,0.0,102.24863667076534,3.745540844884845,2.744e-02 ± 8.70e-04
matched,MATCHED_Impulsive,,Impulsive,5.0,PNND,5,0.08058878580729166,0.011875964311714131,0.29007161458333336,0.03867438037433215,0.0687744140625,0.0003916191325443688,,0.0,0.23897835682191965,0.02014876355953283,,0.0,,0.0,1.373334242771307,0.057514717804327896,8.059e-02 ± 1.19e-02
matched,MATCHED_Impulsive,,Impulsive,5.0,Proposed_CA_CNN_RNND,5,0.04098917643229167,0.0018104895983098144,0.15587565104166667,0.009758433767182495,0.0687744140625,0.0003916191325443688,0.06882832845052084,0.000319796133061969,0.23897835682191965,0.02014876355953283,6.514074151517875,0.01228265950032231,6.275095794695956,0.027632122622238915,1.562099348954386,0.023868420362087747,4.099e-02 ± 1.81e-03
matched,MATCHED_Impulsive,,Impulsive,5.0,RNND_Zhu,5,0.043963623046875,0.0012247315798241164,0.14495442708333334,0.004999885027941115,0.0687744140625,0.0003916191325443688,0.0434600830078125,0.0008536940586238034,0.23897835682191965,0.02014876355953283,8.270845666820726,0.05960045949423624,8.031867309998805,0.06115038534726571,1.546937174149813,0.023989964553057987,4.396e-02 ± 1.22e-03
matched,MATCHED_Impulsive,,Impulsive,5.0,SC,5,0.027473958333333336,0.0010455308211337509,0.06700846354166666,0.0012810599333426035,,0.0,,0.0,,0.0,,0.0,,0.0,2.5045613294120512,0.11963318261892122,2.747e-02 ± 1.05e-03
matched,MATCHED_Impulsive,,Impulsive,6.0,CNN_RNND,5,0.029396565755208333,0.001443484671268528,0.11442057291666667,0.0046802464630568376,0.053975423177083336,0.00023715297906239173,0.05417683919270834,0.00022046471456067842,1.2278990554162639,0.025542822799908205,7.214050703924751,0.011389490763527304,5.986151648508487,0.024109717884909402,1.5597920272133101,0.035582016658037736,2.940e-02 ± 1.44e-03
matched,MATCHED_Impulsive,,Impulsive,6.0,ML,5,0.01798095703125,0.0005860293281088932,0.04381510416666667,0.001332996882268476,,0.0,,0.0,,0.0,,0.0,,0.0,102.2692220715271,3.9273763483889788,1.798e-02 ± 5.86e-04
matched,MATCHED_Impulsive,,Impulsive,6.0,PNND,5,0.06446736653645833,0.013048963360579794,0.23689778645833334,0.040159710488839984,0.053975423177083336,0.00023715297906239173,,0.0,1.2278990554162639,0.025542822799908205,,0.0,,0.0,1.363301691981178,0.06281509729940349,6.447e-02 ± 1.30e-02
matched,MATCHED_Impulsive,,Impulsive,6.0,Proposed_CA_CNN_RNND,5,0.028464762369791667,0.0024336309598524198,0.11134440104166665,0.010420385332733737,0.053975423177083336,0.00023715297906239173,0.0540771484375,0.000194844373671244,1.2278990554162639,0.025542822799908205,7.412854794806305,0.02953944741574896,6.184955739390039,0.0369516930621451,1.587746908171539,0.043959330586592155,2.846e-02 ± 2.43e-03
matched,MATCHED_Impulsive,,Impulsive,6.0,RNND_Zhu,5,0.03133951822916667,0.0005585819174959012,0.106201171875,0.003713738349317914,0.053975423177083336,0.00023715297906239173,0.0356109619140625,0.0002627831461501778,1.2278990554162639,0.025542822799908205,9.129531816837762,0.039626744502139134,7.9016327614214985,0.04429194228126213,1.5244286923158747,0.03515945444154132,3.134e-02 ± 5.59e-04
matched,MATCHED_Impulsive,,Impulsive,6.0,SC,5,0.01807861328125,0.0006181598922323664,0.04407552083333333,0.0013514996209582522,,0.0,,0.0,,0.0,,0.0,,0.0,2.517090024412027,0.11830048295345727,1.808e-02 ± 6.18e-04
matched,MATCHED_Impulsive,,Impulsive,7.0,CNN_RNND,5,0.021657307942708336,0.00025185991217325767,0.08673502604166666,0.0023930486445647874,0.04247334798177083,0.00033085349266751224,0.04246927897135417,0.0003377945003111475,2.241744711986233,0.05019232894838264,8.005068297390247,0.02739137342844573,5.763323585404015,0.04220796960916108,1.5728599142524522,0.06036407411452699,2.166e-02 ± 2.52e-04
matched,MATCHED_Impulsive,,Impulsive,7.0,ML,5,0.011875406901041666,0.0007320191017643771,0.028971354166666668,0.0015916021497076782,,0.0,,0.0,,0.0,,0.0,,0.0,101.4521840014974,3.82299993245447,1.188e-02 ± 7.32e-04
matched,MATCHED_Impulsive,,Impulsive,7.0,PNND,5,0.05324503580729166,0.011263621962865036,0.1974446614583333,0.037878942272565205,0.04247334798177083,0.00033085349266751224,,0.0,2.241744711986233,0.05019232894838264,,0.0,,0.0,1.354936555723422,0.03663175321657706,5.325e-02 ± 1.13e-02
matched,MATCHED_Impulsive,,Impulsive,7.0,Proposed_CA_CNN_RNND,5,0.021042887369791666,0.001637075206833189,0.08597005208333333,0.007273770122705288,0.04247334798177083,0.00033085349266751224,0.04251912434895833,0.0003719341788856865,2.241744711986233,0.05019232894838264,8.272285355423612,0.05110499012004618,6.030540643437381,0.03708614936883778,1.6094455569752124,0.04091170685210262,2.104e-02 ± 1.64e-03
matched,MATCHED_Impulsive,,Impulsive,7.0,RNND_Zhu,5,0.022308349609375,0.0006736178845680057,0.07835286458333333,0.0025980559816712115,0.04247334798177083,0.00033085349266751224,0.029520670572916664,0.0005239221257325881,2.241744711986233,0.05019232894838264,9.951505383418182,0.07170759768659209,7.709760671431948,0.04803688336771965,1.5645255378634224,0.07969668210353967,2.231e-02 ± 6.74e-04
matched,MATCHED_Impulsive,,Impulsive,7.0,SC,5,0.011905924479166666,0.0006937707507454366,0.029166666666666667,0.0015056438234049105,,0.0,,0.0,,0.0,,0.0,,0.0,2.520712028323639,0.11312507831951854,1.191e-02 ± 6.94e-04
matched,MATCHED_Rayleigh,,Rayleigh,0.0,CNN_RNND,5,0.285528564453125,0.0017297871301848783,0.7652506510416668,0.008387413971723956,0.21169637044270834,0.0006309980266991221,0.21193440755208334,0.0007447946082681729,-6.231190958613324,0.025899440620617126,1.889471722966605,0.022076682406375645,8.120662681579928,0.04017112465037601,1.1927079280364221,0.0946219263449874,2.855e-01 ± 1.73e-03
matched,MATCHED_Rayleigh,,Rayleigh,0.0,ML,5,0.19875284830729167,0.0021858318151824294,0.458349609375,0.0041293539836853065,,0.0,,0.0,,0.0,,0.0,,0.0,0.9445729157656994,0.033076127329321955,1.988e-01 ± 2.19e-03
matched,MATCHED_Rayleigh,,Rayleigh,0.0,PNND,5,0.30932210286458334,0.006876994768381532,0.8323404947916666,0.030207594500747333,0.21169637044270834,0.0006309980266991221,,0.0,-6.231190958613324,0.025899440620617126,,0.0,,0.0,0.951550437851741,0.032063352462464605,3.093e-01 ± 6.88e-03
matched,MATCHED_Rayleigh,,Rayleigh,0.0,Proposed_CA_CNN_RNND,5,0.2209493001302083,0.0037418887267526325,0.6330078125,0.0072122793550640826,0.21169637044270834,0.0006309980266991221,0.2134521484375,0.001054811735253613,-6.231190958613324,0.025899440620617126,2.518645629109287,0.01707917800550609,8.749836587722612,0.036118307173970174,1.132745380042858,0.028192086574625578,2.209e-01 ± 3.74e-03
matched,MATCHED_Rayleigh,,Rayleigh,0.0,RNND_Zhu,5,0.2872965494791667,0.002511641794373508,0.7318196614583333,0.005994192367987217,0.21169637044270834,0.0006309980266991221,0.19671732584635418,0.0009618579269355348,-6.231190958613324,0.025899440620617126,2.3200645042526915,0.021337733765737235,8.551255462866015,0.017203172753494516,1.1422426268836716,0.056345980604952196,2.873e-01 ± 2.51e-03
matched,MATCHED_Rayleigh,,Rayleigh,0.0,SC,5,0.19994303385416667,0.001881991548191149,0.4624348958333333,0.0029147296104417007,,0.0,,0.0,,0.0,,0.0,,0.0,2.121205337365003,0.08572733932829305,1.999e-01 ± 1.88e-03
matched,MATCHED_Rayleigh,,Rayleigh,1.0,CNN_RNND,5,0.24962565104166665,0.004238364389271142,0.7005859375,0.012064104675132293,0.1888031005859375,0.0016422699762590623,0.18887430826822915,0.0016061980531631946,-5.267883139415895,0.02242399129126436,2.3545624146248523,0.03220926991042112,7.622445554040747,0.016500406913301572,1.13986193165753,0.030702873825400753,2.496e-01 ± 4.24e-03
matched,MATCHED_Rayleigh,,Rayleigh,1.0,ML,5,0.15405069986979167,0.0025477294047804235,0.3613444010416667,0.005326643920964468,,0.0,,0.0,,0.0,,0.0,,0.0,0.9975396987253287,0.06735692536203897,1.541e-01 ± 2.55e-03
matched,MATCHED_Rayleigh,,Rayleigh,1.0,PNND,5,0.2784281412760417,0.008091765237105376,0.7848307291666666,0.042610796759942206,0.1888031005859375,0.0016422699762590623,,0.0,-5.267883139415895,0.02242399129126436,,0.0,,0.0,0.9151185092074835,0.030554491946972386,2.784e-01 ± 8.09e-03
matched,MATCHED_Rayleigh,,Rayleigh,1.0,Proposed_CA_CNN_RNND,5,0.17928059895833331,0.002908453105165418,0.5411295572916667,0.006791128406375043,0.1888031005859375,0.0016422699762590623,0.1906575520833333,0.001540471972884229,-5.267883139415895,0.02242399129126436,2.969014555816015,0.021516241765137015,8.23689769523191,0.02568250306441402,1.121646240183812,0.03258976540746966,1.793e-01 ± 2.91e-03
matched,MATCHED_Rayleigh,,Rayleigh,1.0,RNND_Zhu,5,0.248907470703125,0.0019880015416517374,0.6594563802083333,0.005399256382670936,0.1888031005859375,0.0016422699762590623,0.16878763834635419,0.0013786165562297461,-5.267883139415895,0.02242399129126436,2.9514554199662597,0.021749698789984437,8.219338559382155,0.011899965507047177,1.0989129881030144,0.03861660487687943,2.489e-01 ± 1.99e-03
matched,MATCHED_Rayleigh,,Rayleigh,1.0,SC,5,0.15465494791666665,0.003014651734424761,0.36432291666666666,0.005706313822494847,,0.0,,0.0,,0.0,,0.0,,0.0,2.102277846915968,0.09641513547138414,1.547e-01 ± 3.01e-03
matched,MATCHED_Rayleigh,,Rayleigh,2.0,CNN_RNND,5,0.21199951171875,0.0031467044947232573,0.6267252604166667,0.010545788618736753,0.16763814290364584,0.0008873087520787556,0.16769612630208333,0.0009162165555391182,-4.2618398922991885,0.023685164490094186,2.841860859548705,0.01931620895737922,7.103700751847893,0.014617780013946485,1.1221011542753936,0.017853576722512504,2.120e-01 ± 3.15e-03
matched,MATCHED_Rayleigh,,Rayleigh,2.0,ML,5,0.11285603841145833,0.0015214202164352648,0.2666178385416667,0.003926289337327108,,0.0,,0.0,,0.0,,0.0,,0.0,0.9390796549268998,0.033992071634395556,1.129e-01 ± 1.52e-03
matched,MATCHED_Rayleigh,,Rayleigh,2.0,PNND,5,0.24527384440104166,0.013217663403780224,0.7298828125000001,0.05919618394132568,0.16763814290364584,0.0008873087520787556,,0.0,-4.2618398922991885,0.023685164490094186,,0.0,,0.0,0.8939863562318351,0.023397891417053406,2.453e-01 ± 1.32e-02
matched,MATCHED_Rayleigh,,Rayleigh,2.0,Proposed_CA_CNN_RNND,5,0.13905436197916665,0.0010225438154528137,0.4424641927083333,0.006834241868695232,0.16763814290364584,0.0008873087520787556,0.1684234619140625,0.0012642540842576814,-4.2618398922991885,0.023685164490094186,3.462683253110312,0.025274515380879405,7.724523145409501,0.019478947108415856,1.0978715996164587,0.019988286743654007,1.391e-01 ± 1.02e-03
matched,MATCHED_Rayleigh,,Rayleigh,2.0,RNND_Zhu,5,0.2107177734375,0.0022814098125085846,0.579443359375,0.006573788254105855,0.16763814290364584,0.0008873087520787556,0.14317728678385416,0.0010673968609017839,-4.2618398922991885,0.023685164490094186,3.621470324758598,0.023185911320416808,7.883310217057786,0.017635389354566905,1.0907406419846666,0.03152067402307918,2.107e-01 ± 2.28e-03
matched,MATCHED_Rayleigh,,Rayleigh,2.0,SC,5,0.1135986328125,0.0013917302003413692,0.269287109375,0.004047796261538374,,0.0,,0.0,,0.0,,0.0,,0.0,2.134050193565902,0.17664621849792733,1.136e-01 ± 1.39e-03
matched,MATCHED_Rayleigh,,Rayleigh,3.0,CNN_RNND,5,0.17548014322916666,0.004412793255508652,0.5432291666666667,0.016681096664885795,0.1466796875,0.0006761344502390506,0.14680582682291665,0.0006983051997801915,-3.257194994126152,0.045899722623892865,3.3785468371120446,0.016709917676253353,6.635741831238197,0.04277218288954439,1.1258544304837415,0.03798169518165605,1.755e-01 ± 4.41e-03
matched,MATCHED_Rayleigh,,Rayleigh,3.0,ML,5,0.07716267903645832,0.0014962018823017232,0.18400065104166666,0.003897338875471576,,0.0,,0.0,,0.0,,0.0,,0.0,0.956740818007044,0.04699948711909272,7.716e-02 ± 1.50e-03
matched,MATCHED_Rayleigh,,Rayleigh,3.0,PNND,5,0.2142679850260417,0.015330240761971276,0.6643066406250001,0.07465781458538803,0.1466796875,0.0006761344502390506,,0.0,-3.257194994126152,0.045899722623892865,,0.0,,0.0,0.8983953136976197,0.03636944815795687,2.143e-01 ± 1.53e-02
matched,MATCHED_Rayleigh,,Rayleigh,3.0,Proposed_CA_CNN_RNND,5,0.10488688151041665,0.002145455439017119,0.348974609375,0.005266940663449476,0.1466796875,0.0006761344502390506,0.1470977783203125,0.0010810229560891576,-3.257194994126152,0.045899722623892865,4.0204696483232265,0.02485556757726589,7.2776646424493805,0.04566456484717582,1.1013275695859193,0.01918045588091642,1.049e-01 ± 2.15e-03
matched,MATCHED_Rayleigh,,Rayleigh,3.0,RNND_Zhu,5,0.17257893880208336,0.002971774256278155,0.4938313802083333,0.010317232478191354,0.1466796875,0.0006761344502390506,0.1192230224609375,0.0007595103874882339,-3.257194994126152,0.045899722623892865,4.356600865951039,0.03954510288565446,7.613795860077191,0.022605658718823165,1.087331332882968,0.04759466258169129,1.726e-01 ± 2.97e-03
matched,MATCHED_Rayleigh,,Rayleigh,3.0,SC,5,0.07740275065104166,0.0014726466294662172,0.18531901041666668,0.004257281753482452,,0.0,,0.0,,0.0,,0.0,,0.0,2.1033976054241066,0.12155688636819419,7.740e-02 ± 1.47e-03
matched,MATCHED_Rayleigh,,Rayleigh,4.0,CNN_RNND,5,0.14065958658854166,0.004785401041771798,0.4593912760416667,0.021157836889608133,0.126556396484375,0.00024241259755030607,0.12670796712239585,0.00036520997757549144,-2.2846132390006013,0.05093624022688011,3.958961713169039,0.010355651903548499,6.243574952169641,0.05886483431740122,1.131111652815283,0.03145088236688566,1.407e-01 ± 4.79e-03
matched,MATCHED_Rayleigh,,Rayleigh,4.0,ML,5,0.050002034505208334,0.0010113762562611347,0.12102864583333332,0.0018381841814502173,,0.0,,0.0,,0.0,,0.0,,0.0,1.0004184578823092,0.08430259177242093,5.000e-02 ± 1.01e-03
matched,MATCHED_Rayleigh,,Rayleigh,4.0,PNND,5,0.18131306966145835,0.016666235582915963,0.5969726562500001,0.0930814855580564,0.126556396484375,0.00024241259755030607,,0.0,-2.2846132390006013,0.05093624022688011,,0.0,,0.0,0.912480061288079,0.026258973155338313,1.813e-01 ± 1.67e-02
matched,MATCHED_Rayleigh,,Rayleigh,4.0,Proposed_CA_CNN_RNND,5,0.07512410481770833,0.0012465599527282777,0.26360677083333334,0.0064134110122332985,0.126556396484375,0.00024241259755030607,0.12695515950520833,0.000372924027734346,-2.2846132390006013,0.05093624022688011,4.631008654506639,0.012414580928996343,6.915621893507239,0.06110795427288299,1.1039025044586501,0.0272854233686139,7.512e-02 ± 1.25e-03
matched,MATCHED_Rayleigh,,Rayleigh,4.0,RNND_Zhu,5,0.13557942708333334,0.0017590383093821003,0.407763671875,0.010476196575988724,0.126556396484375,0.00024241259755030607,0.09774678548177085,0.0005853667835282843,-2.2846132390006013,0.05093624022688011,5.147032665205818,0.0304770734529646,7.43164590420642,0.07884676467988143,1.077410142139949,0.042581623062921375,1.356e-01 ± 1.76e-03
matched,MATCHED_Rayleigh,,Rayleigh,4.0,SC,5,0.05038655598958334,0.0011772122523508858,0.122314453125,0.0015916021497076754,,0.0,,0.0,,0.0,,0.0,,0.0,2.0997987974169523,0.09527844235490984,5.039e-02 ± 1.18e-03
matched,MATCHED_Rayleigh,,Rayleigh,5.0,CNN_RNND,5,0.111871337890625,0.005184778953664189,0.384521484375,0.019917379965039735,0.10887858072916667,0.0009566948422693724,0.10893452962239585,0.0008760384880678061,-1.3047514042358699,0.03229380471066236,4.539142259593281,0.03342637771540822,5.843893663829149,0.031141733628294595,1.125625082446883,0.033445345693776815,1.119e-01 ± 5.18e-03
matched,MATCHED_Rayleigh,,Rayleigh,5.0,ML,5,0.03088785807291667,0.0013107685660250022,0.07493489583333332,0.0028281232390096798,,0.0,,0.0,,0.0,,0.0,,0.0,0.9815044090070538,0.09609746137103757,3.089e-02 ± 1.31e-03
matched,MATCHED_Rayleigh,,Rayleigh,5.0,PNND,5,0.154315185546875,0.01952346991183989,0.531201171875,0.10986752499519782,0.10887858072916667,0.0009566948422693724,,0.0,-1.3047514042358699,0.03229380471066236,,0.0,,0.0,0.8997479956936634,0.00994461024111653,1.543e-01 ± 1.95e-02
matched,MATCHED_Rayleigh,,Rayleigh,5.0,Proposed_CA_CNN_RNND,5,0.052553304036458325,0.001868499485570031,0.19459635416666668,0.008047675593938767,0.10887858072916667,0.0009566948422693724,0.10934956868489583,0.0009033523874631078,-1.3047514042358699,0.03229380471066236,5.256373528523712,0.029622740330233193,6.561124932759583,0.02044770353665957,1.0981833990323746,0.02502462820973627,5.255e-02 ± 1.87e-03
matched,MATCHED_Rayleigh,,Rayleigh,5.0,RNND_Zhu,5,0.10589396158854165,0.002062646159057061,0.33111979166666666,0.009378764491678392,0.10887858072916667,0.0009566948422693724,0.0795745849609375,0.000868813528166914,-1.3047514042358699,0.03229380471066236,5.944204973553189,0.04636920554638118,7.248956377789059,0.019745401390614814,1.0532789550173525,0.02958771101781826,1.059e-01 ± 2.06e-03
matched,MATCHED_Rayleigh,,Rayleigh,5.0,SC,5,0.03115641276041666,0.0013613599374886055,0.07571614583333333,0.00257192360353232,,0.0,,0.0,,0.0,,0.0,,0.0,2.143904866140171,0.06589895837385547,3.116e-02 ± 1.36e-03
matched,MATCHED_Rayleigh,,Rayleigh,6.0,CNN_RNND,5,0.08525187174479167,0.005974606087800011,0.307275390625,0.023369967335351828,0.09218851725260417,0.0007024661409298391,0.09219970703125,0.0006722377431199048,-0.2750865756209834,0.01588877786729216,5.179563925060302,0.02573372548670936,5.454650500681285,0.012824878515588365,1.1084718911054854,0.02330843575269867,8.525e-02 ± 5.97e-03
matched,MATCHED_Rayleigh,,Rayleigh,6.0,ML,5,0.01803792317708333,0.0010200309957701307,0.04402669270833333,0.0022152763002630514,,0.0,,0.0,,0.0,,0.0,,0.0,0.9458230313915313,0.051730596278000106,1.804e-02 ± 1.02e-03
matched,MATCHED_Rayleigh,,Rayleigh,6.0,PNND,5,0.12826944986979166,0.02099178156570459,0.4630859375,0.12385867999050428,0.09218851725260417,0.0007024661409298391,,0.0,-0.2750865756209834,0.01588877786729216,,0.0,,0.0,0.8981573065132883,0.028622114548082916,1.283e-01 ± 2.10e-02
matched,MATCHED_Rayleigh,,Rayleigh,6.0,Proposed_CA_CNN_RNND,5,0.036238606770833334,0.0019799823084168233,0.13946940104166666,0.007982813573600644,0.09218851725260417,0.0007024661409298391,0.09249471028645832,0.0007266541603225055,-0.2750865756209834,0.01588877786729216,5.941769490981688,0.02300540828016308,6.216856066602672,0.028297381801824072,1.116956724445117,0.021170339409152788,3.624e-02 ± 1.98e-03
matched,MATCHED_Rayleigh,,Rayleigh,6.0,RNND_Zhu,5,0.07908935546875,0.0016180936789989924,0.25838216145833337,0.009649647693868252,0.09218851725260417,0.0007024661409298391,0.06373799641927083,0.0006554829584187509,-0.2750865756209834,0.01588877786729216,6.803969397550581,0.04259297756842038,7.079055973171566,0.04144223426990017,1.0544167158362447,0.03220637148246705,7.909e-02 ± 1.62e-03
matched,MATCHED_Rayleigh,,Rayleigh,6.0,SC,5,0.0179931640625,0.0008790675356722546,0.04412434895833334,0.0017768115689636838,,0.0,,0.0,,0.0,,0.0,,0.0,2.1669569984320938,0.09054242352578432,1.799e-02 ± 8.79e-04
matched,MATCHED_Rayleigh,,Rayleigh,7.0,CNN_RNND,5,0.06393025716145834,0.004100263733073563,0.24111328125,0.017051377375240474,0.07732645670572916,0.0004800931182401701,0.07731831868489583,0.0005360231107800594,0.697243034887864,0.029231383121979974,5.832454021399847,0.01827322336029368,5.135210986511983,0.019926468568340853,1.0817767095735082,0.023195446638596833,6.393e-02 ± 4.10e-03
matched,MATCHED_Rayleigh,,Rayleigh,7.0,ML,5,0.009749348958333333,0.00020655488845823956,0.024007161458333332,0.0006303683831717801,,0.0,,0.0,,0.0,,0.0,,0.0,0.9508552068382414,0.04490605978409762,9.749e-03 ± 2.07e-04
matched,MATCHED_Rayleigh,,Rayleigh,7.0,PNND,5,0.106024169921875,0.022627735921071014,0.401708984375,0.14068093070632998,0.07732645670572916,0.0004800931182401701,,0.0,0.697243034887864,0.029231383121979974,,0.0,,0.0,0.8910590357421219,0.013397972955121391,1.060e-01 ± 2.26e-02
matched,MATCHED_Rayleigh,,Rayleigh,7.0,Proposed_CA_CNN_RNND,5,0.023663330078125,0.0010612972579671373,0.09513346354166666,0.004708462221075062,0.07732645670572916,0.0004800931182401701,0.07732747395833334,0.0005508847864532153,0.697243034887864,0.029231383121979974,6.664443471677086,0.045284922344780064,5.967200436789222,0.05454629404053705,1.1131251824281208,0.04612044979177735,2.366e-02 ± 1.06e-03
matched,MATCHED_Rayleigh,,Rayleigh,7.0,RNND_Zhu,5,0.058538818359375,0.0016075906532316332,0.1968912760416667,0.00848866182720406,0.07732645670572916,0.0004800931182401701,0.05064595540364584,0.0005306023127599982,0.697243034887864,0.029231383121979974,7.651691249890531,0.03200867243099911,6.9544482150026665,0.035191945721008505,1.074521613494047,0.01971129780950386,5.854e-02 ± 1.61e-03
matched,MATCHED_Rayleigh,,Rayleigh,7.0,SC,5,0.009796142578125,0.00030168014783400326,0.024218750000000004,0.0007061814176405158,,0.0,,0.0,,0.0,,0.0,,0.0,2.192112452803485,0.0621010450993249,9.796e-03 ± 3.02e-04
matched,MATCHED_RicianLOS,,RicianLOS,0.0,CNN_RNND,5,0.22039591471354164,0.0019818211205310165,0.6298990885416667,0.008676710336765528,0.18106994628906253,0.0005072945006902988,0.18118286132812497,0.0005082192381509132,-2.6697593085263525,0.024073951060215468,2.5576061299017363,0.026624762732651415,5.227365438428088,0.034600431021627825,1.1479601236411932,0.05471980686433613,2.204e-01 ± 1.98e-03
matched,MATCHED_RicianLOS,,RicianLOS,0.0,ML,5,0.15542195638020834,0.0031372687123028442,0.3626790364583333,0.0056577098781995985,,0.0,,0.0,,0.0,,0.0,,0.0,0.9546982577527766,0.04075251470094835,1.554e-01 ± 3.14e-03
matched,MATCHED_RicianLOS,,RicianLOS,0.0,PNND,5,0.218182373046875,0.0014374142853894516,0.6092610677083333,0.003020729852416698,0.18106994628906253,0.0005072945006902988,,0.0,-2.6697593085263525,0.024073951060215468,,0.0,,0.0,0.9362170089843858,0.031446599369389386,2.182e-01 ± 1.44e-03
matched,MATCHED_RicianLOS,,RicianLOS,0.0,Proposed_CA_CNN_RNND,5,0.17797241210937498,0.0010156899211381206,0.539111328125,0.004951034366755582,0.18106994628906253,0.0005072945006902988,0.1818878173828125,0.0005859432396784167,-2.6697593085263525,0.024073951060215468,3.0285034366611425,0.009099534829288223,5.6982627451874945,0.025692822219849497,1.1541975785197187,0.045238571109916345,1.780e-01 ± 1.02e-03
matched,MATCHED_RicianLOS,,RicianLOS,0.0,RNND_Zhu,5,0.20975545247395835,0.0010298495754099777,0.5530110677083333,0.00473042368042686,0.18106994628906253,0.0005072945006902988,0.1401641845703125,0.0007275454345242028,-2.6697593085263525,0.024073951060215468,3.6889304137180914,0.022919629299885884,6.358689722244444,0.02712509877922352,1.1294726239915085,0.05056057582519059,2.098e-01 ± 1.03e-03
matched,MATCHED_RicianLOS,,RicianLOS,0.0,SC,5,0.15630696614583334,0.003194769218539251,0.3659016927083333,0.005639771739498059,,0.0,,0.0,,0.0,,0.0,,0.0,2.112425765214236,0.07677821652556752,1.563e-01 ± 3.19e-03
matched,MATCHED_RicianLOS,,RicianLOS,1.0,CNN_RNND,5,0.17587483723958333,0.0021180166612677583,0.53134765625,0.012812718748794293,0.15665181477864584,0.0007003638275924264,0.156854248046875,0.000620100783751047,-1.6583048258439654,0.017564934118720402,3.1962754268441382,0.031230686928920528,4.854580252688104,0.032194611778623226,1.1052116519749688,0.016862877190710945,1.759e-01 ± 2.12e-03
matched,MATCHED_RicianLOS,,RicianLOS,1.0,ML,5,0.109124755859375,0.0019321587886175315,0.25901692708333335,0.0033600270823744634,,0.0,,0.0,,0.0,,0.0,,0.0,0.9963020659142785,0.0757314274688953,1.091e-01 ± 1.93e-03
matched,MATCHED_RicianLOS,,RicianLOS,1.0,PNND,5,0.17515258789062502,0.0015632528239875932,0.5120768229166666,0.005172799008982904,0.15665181477864584,0.0007003638275924264,,0.0,-1.6583048258439654,0.017564934118720402,,0.0,,0.0,0.9146308949918117,0.04213884513585955,1.752e-01 ± 1.56e-03
matched,MATCHED_RicianLOS,,RicianLOS,1.0,Proposed_CA_CNN_RNND,5,0.13385009765625,0.0018327352088168124,0.4287109375,0.0059813069091838944,0.15665181477864584,0.0007003638275924264,0.15701497395833336,0.0007196891432175776,-1.6583048258439654,0.017564934118720402,3.6124132741668182,0.017125337371529485,5.270718100010784,0.026501132396870592,1.1427768394393447,0.04842516514264493,1.339e-01 ± 1.83e-03
matched,MATCHED_RicianLOS,,RicianLOS,1.0,RNND_Zhu,5,0.16631673177083334,0.0019473360950808902,0.45341796875,0.006130744385597108,0.15665181477864584,0.0007003638275924264,0.111480712890625,0.0005795773836285748,-1.6583048258439654,0.017564934118720402,4.611569199242126,0.0359194181237494,6.26987402508609,0.04227935331639581,1.0958261232948039,0.047143113283798804,1.663e-01 ± 1.95e-03
matched,MATCHED_RicianLOS,,RicianLOS,1.0,SC,5,0.10991414388020833,0.0016788828940917067,0.26145833333333335,0.002416457813928434,,0.0,,0.0,,0.0,,0.0,,0.0,2.0860208849171613,0.05422663305930263,1.099e-01 ± 1.68e-03
matched,MATCHED_RicianLOS,,RicianLOS,2.0,CNN_RNND,5,0.12978922526041664,0.0033550634858594275,0.4195638020833334,0.014896535434493414,0.13059387207031253,0.00038637859892042513,0.13065287272135415,0.0004850999191310659,-0.6423629735843772,0.01943615277513942,3.9654835277087797,0.010741627687579037,4.607846501293157,0.021914864778274805,1.1055534533473597,0.03455864438812649,1.298e-01 ± 3.36e-03
matched,MATCHED_RicianLOS,,RicianLOS,2.0,ML,5,0.06781005859375,0.0008080597781671383,0.162158203125,0.001283642197469432,,0.0,,0.0,,0.0,,0.0,,0.0,0.9363273439551751,0.04131860806209035,6.781e-02 ± 8.08e-04
matched,MATCHED_RicianLOS,,RicianLOS,2.0,PNND,5,0.129888916015625,0.0014351664217055098,0.4034993489583333,0.005340612986604259,0.13059387207031253,0.00038637859892042513,,0.0,-0.6423629735843772,0.01943615277513942,,0.0,,0.0,0.9129107903997162,0.02843230851555062,1.299e-01 ± 1.44e-03
matched,MATCHED_RicianLOS,,RicianLOS,2.0,Proposed_CA_CNN_RNND,5,0.091632080078125,0.0007807504858423364,0.3128580729166667,0.0057609485750845174,0.13059387207031253,0.00038637859892042513,0.13106180826822916,0.0007307014746255104,-0.6423629735843772,0.01943615277513942,4.342258249954904,0.011705558339180726,4.984621223539281,0.012046532305799293,1.105848307740113,0.047088515609634514,9.163e-02 ± 7.81e-04
matched,MATCHED_RicianLOS,,RicianLOS,2.0,RNND_Zhu,5,0.11973673502604165,0.002044887753355486,0.3433919270833333,0.0062775217846164555,0.13059387207031253,0.00038637859892042513,0.084271240234375,0.00046344481306449803,-0.6423629735843772,0.01943615277513942,5.740894222500747,0.028064755270676034,6.383257196085124,0.03793083535501985,1.0989715349296603,0.050256449519495504,1.197e-01 ± 2.04e-03
matched,MATCHED_RicianLOS,,RicianLOS,2.0,SC,5,0.068731689453125,0.0011418541537361279,0.16463216145833334,0.0023635312062919253,,0.0,,0.0,,0.0,,0.0,,0.0,2.0544516113811064,0.0771348434903463,6.873e-02 ± 1.14e-03
matched,MATCHED_RicianLOS,,RicianLOS,3.0,CNN_RNND,5,0.09217732747395833,0.0016679623901738306,0.31577148437499997,0.011189615884232944,0.10851338704427083,0.0010651113261951446,0.10861918131510417,0.001001100093176509,0.3416960985349104,0.029402990095405,4.731734181683788,0.02716535084818468,4.390038083148877,0.02419949581833231,1.0982098463803898,0.01645275173151238,9.218e-02 ± 1.67e-03
matched,MATCHED_RicianLOS,,RicianLOS,3.0,ML,5,0.039251708984375,0.00097187826149936,0.09484049479166666,0.002121043642379931,,0.0,,0.0,,0.0,,0.0,,0.0,0.9893360489362143,0.08538930279025131,3.925e-02 ± 9.72e-04
matched,MATCHED_RicianLOS,,RicianLOS,3.0,PNND,5,0.09381510416666668,0.0012829003288878213,0.30517578124999994,0.004993456691615376,0.10851338704427083,0.0010651113261951446,,0.0,0.3416960985349104,0.029402990095405,,0.0,,0.0,0.8932620100191949,0.03606713738003618,9.382e-02 ± 1.28e-03
matched,MATCHED_RicianLOS,,RicianLOS,3.0,Proposed_CA_CNN_RNND,5,0.06070149739583334,0.0008801851269523873,0.21866861979166666,0.003994267966083335,0.10851338704427083,0.0010651113261951446,0.1087615966796875,0.000982344254177954,0.3416960985349104,0.029402990095405,5.122528598329104,0.029803488062456557,4.780832499794194,0.03366355351445476,1.1164331719252611,0.03328602181761634,6.070e-02 ± 8.80e-04
matched,MATCHED_RicianLOS,,RicianLOS,3.0,RNND_Zhu,5,0.08480021158854167,0.0007923934198219665,0.2538736979166667,0.006682499522313699,0.10851338704427083,0.0010651113261951446,0.0624603271484375,0.0010712435490612927,0.3416960985349104,0.029402990095405,6.880125633842541,0.08403038588395711,6.538429535307628,0.0895086688380751,1.1010288896310765,0.03607519501411708,8.480e-02 ± 7.92e-04
matched,MATCHED_RicianLOS,,RicianLOS,3.0,SC,5,0.03935750325520833,0.0013229564688294361,0.09500325520833333,0.0023350589819716673,,0.0,,0.0,,0.0,,0.0,,0.0,2.0405471824839574,0.0779373704928405,3.936e-02 ± 1.32e-03
matched,MATCHED_RicianLOS,,RicianLOS,4.0,CNN_RNND,5,0.06162923177083333,0.0032543546828888987,0.223046875,0.014380990406522635,0.08742777506510416,0.0008240452488889849,0.08750712076822917,0.0008682893067454226,1.30821476845402,0.04311485717558189,5.583308777191365,0.06424401060800959,4.275094008737346,0.03082209500717398,1.0869682967040717,0.023132374920341144,6.163e-02 ± 3.25e-03
matched,MATCHED_RicianLOS,,RicianLOS,4.0,ML,5,0.019740804036458334,0.0007764709851116388,0.04817708333333333,0.002036945151494762,,0.0,,0.0,,0.0,,0.0,,0.0,0.9860542642551687,0.09257345740799638,1.974e-02 ± 7.76e-04
matched,MATCHED_RicianLOS,,RicianLOS,4.0,PNND,5,0.06268717447916666,0.002207808456183221,0.2142578125,0.008315408820753736,0.08742777506510416,0.0008240452488889849,,0.0,1.30821476845402,0.04311485717558189,,0.0,,0.0,0.8854596823463604,0.026205080621249,6.269e-02 ± 2.21e-03
matched,MATCHED_RicianLOS,,RicianLOS,4.0,Proposed_CA_CNN_RNND,5,0.03680013020833333,0.0014713742246357765,0.13865559895833335,0.008631175841647385,0.08742777506510416,0.0008240452488889849,0.08742879231770832,0.0007745779093177442,1.30821476845402,0.04311485717558189,6.0302255472570465,0.035748499722572755,4.7220107788030266,0.03908235986721799,1.1023034839278503,0.03435724305294655,3.680e-02 ± 1.47e-03
matched,MATCHED_RicianLOS,,RicianLOS,4.0,RNND_Zhu,5,0.05516357421875,0.0020227525125222686,0.172998046875,0.006321623802505722,0.08742777506510416,0.0008240452488889849,0.04506429036458333,0.0006107223232351516,1.30821476845402,0.04311485717558189,8.121899879218677,0.0660893071635394,6.8136851107646565,0.07679984427064411,1.071681526809698,0.0471414236993366,5.516e-02 ± 2.02e-03
matched,MATCHED_RicianLOS,,RicianLOS,4.0,SC,5,0.019875081380208333,0.0006713635989745582,0.048583984375,0.001956512903673716,,0.0,,0.0,,0.0,,0.0,,0.0,2.048632582803596,0.08613604594620793,1.988e-02 ± 6.71e-04
matched,MATCHED_RicianLOS,,RicianLOS,5.0,CNN_RNND,5,0.03719685872395834,0.0014372738969055231,0.14306640625,0.007134357383046457,0.06825663248697916,0.0006858010456357733,0.06828511555989583,0.0006240017687677455,2.324046374613463,0.021036240017601994,6.5250429898815385,0.05479341143683085,4.200996615268075,0.0525422572132826,1.0877030282093376,0.025763099927928124,3.720e-02 ± 1.44e-03
matched,MATCHED_RicianLOS,,RicianLOS,5.0,ML,5,0.008888753255208331,0.0005647996794112186,0.021923828125,0.0011314483262655985,,0.0,,0.0,,0.0,,0.0,,0.0,0.9423051437806862,0.0335172395434884,8.889e-03 ± 5.65e-04
matched,MATCHED_RicianLOS,,RicianLOS,5.0,PNND,5,0.040055338541666666,0.0009467447078632928,0.14534505208333331,0.0033196741624953,0.06825663248697916,0.0006858010456357733,,0.0,2.324046374613463,0.021036240017601994,,0.0,,0.0,0.9054514786536553,0.04150772728615054,4.006e-02 ± 9.47e-04
matched,MATCHED_RicianLOS,,RicianLOS,5.0,Proposed_CA_CNN_RNND,5,0.020719401041666665,0.0009073072091255687,0.082861328125,0.005023670856229657,0.06825663248697916,0.0006858010456357733,0.06843973795572916,0.0006700116342383334,2.324046374613463,0.021036240017601994,7.067294665804677,0.03180066849806736,4.743248291191214,0.042709874112775784,1.0985156715529834,0.03554258201517185,2.072e-02 ± 9.07e-04
matched,MATCHED_RicianLOS,,RicianLOS,5.0,RNND_Zhu,5,0.03316650390624999,0.0013181882519591535,0.11004231770833335,0.005817802735794761,0.06825663248697916,0.0006858010456357733,0.03138224283854167,0.0007592599941069087,2.324046374613463,0.021036240017601994,9.467619402834,0.10138422710967797,7.143573028220537,0.11634889715898457,1.0637605934486296,0.03852755498543131,3.317e-02 ± 1.32e-03
matched,MATCHED_RicianLOS,,RicianLOS,5.0,SC,5,0.008927408854166667,0.0005666836610985213,0.0220703125,0.0010522936116695706,,0.0,,0.0,,0.0,,0.0,,0.0,2.044388442830799,0.0795266152605455,8.927e-03 ± 5.67e-04
matched,MATCHED_RicianLOS,,RicianLOS,6.0,CNN_RNND,5,0.021103922526041666,0.0013683200867929757,0.08693033854166667,0.008739453878190351,0.051612345377604174,0.00042023430273736124,0.05166524251302083,0.00038139172922230393,3.337403211402743,0.03516519500441703,7.526175104402756,0.06963107470099787,4.188771893000014,0.07348229999815566,1.0897561708134162,0.032117849426503656,2.110e-02 ± 1.37e-03
matched,MATCHED_RicianLOS,,RicianLOS,6.0,ML,5,0.0033835856119791667,0.0002502073348769467,0.008365885416666666,0.0005684976952009436,,0.0,,0.0,,0.0,,0.0,,0.0,0.944627886762343,0.04243049183181047,3.384e-03 ± 2.50e-04
matched,MATCHED_RicianLOS,,RicianLOS,6.0,PNND,5,0.023760986328125,0.001261791043462576,0.09109700520833335,0.005474172658744247,0.051612345377604174,0.00042023430273736124,,0.0,3.337403211402743,0.03516519500441703,,0.0,,0.0,0.8777698894846253,0.04055341998224719,2.376e-02 ± 1.26e-03
matched,MATCHED_RicianLOS,,RicianLOS,6.0,Proposed_CA_CNN_RNND,5,0.010542805989583334,0.0005084533397320251,0.045638020833333334,0.0038646603257014986,0.051612345377604174,0.00042023430273736124,0.05166015625,0.0003892470267762875,3.337403211402743,0.03516519500441703,8.223798338180377,0.039423531799524215,4.886395126777633,0.048629781160284845,1.0939000162579762,0.019958304859812127,1.054e-02 ± 5.08e-04
matched,MATCHED_RicianLOS,,RicianLOS,6.0,RNND_Zhu,5,0.019108072916666666,0.0005993853995320747,0.06684570312500002,0.0022542464603537635,0.051612345377604174,0.00042023430273736124,0.021308390299479167,0.00021807556596253205,3.337403211402743,0.03516519500441703,10.838814157265194,0.10144840795297713,7.5014109458624505,0.11616866259884422,1.0547662592822842,0.033046162746720564,1.911e-02 ± 5.99e-04
matched,MATCHED_RicianLOS,,RicianLOS,6.0,SC,5,0.0033929443359375006,0.0002847340737695905,0.008385416666666668,0.0005808745745298014,,0.0,,0.0,,0.0,,0.0,,0.0,2.0770383770241096,0.08612880149489523,3.393e-03 ± 2.85e-04
matched,MATCHED_RicianLOS,,RicianLOS,7.0,CNN_RNND,5,0.012284342447916666,0.0015450958687678567,0.0525390625,0.007222373137568268,0.0386749267578125,0.0003637904958351872,0.03866170247395833,0.0004336676825725417,4.321891608866982,0.028752768999990606,8.553458275609113,0.14310812420878397,4.231566666742133,0.12259279258026236,1.0782146641001114,0.029845970308536474,1.228e-02 ± 1.55e-03
matched,MATCHED_RicianLOS,,RicianLOS,7.0,ML,5,0.0012077303596468637,0.0001382047230270351,0.00290108146248283,0.00023408973542571004,,0.0,,0.0,,0.0,,0.0,,0.0,0.9740440125342198,0.044010299888900706,1.208e-03 ± 1.38e-04
matched,MATCHED_RicianLOS,,RicianLOS,7.0,PNND,5,0.014219156901041669,0.000948895497480226,0.056884765625,0.004033454679865321,0.0386749267578125,0.0003637904958351872,,0.0,4.321891608866982,0.028752768999990606,,0.0,,0.0,0.8814160006901754,0.03514779450959511,1.422e-02 ± 9.49e-04
matched,MATCHED_RicianLOS,,RicianLOS,7.0,Proposed_CA_CNN_RNND,5,0.00538330078125,0.000554398002954846,0.02420654296875,0.00272252983725344,0.038617451985677086,0.0003710009642935078,0.03864084879557292,0.0003955464808604629,4.316175601566926,0.027698317003645098,9.455347598331834,0.05255862422737398,5.139171996764908,0.05598812105754729,1.105062545055565,0.028718723177852443,5.383e-03 ± 5.54e-04
matched,MATCHED_RicianLOS,,RicianLOS,7.0,RNND_Zhu,5,0.011199951171875,0.00045236298002846636,0.04119466145833333,0.002421932971766409,0.0386749267578125,0.0003637904958351872,0.014592488606770832,0.00030882036630989324,4.321891608866982,0.028752768999990606,12.117011846943454,0.09520064201836129,7.795120238076474,0.10636065950134593,1.0550971505078146,0.018885466978092735,1.120e-02 ± 4.52e-04
matched,MATCHED_RicianLOS,,RicianLOS,7.0,SC,5,0.001212284241840516,0.00013452681361351943,0.0029184977213541664,0.0002282706683955168,,0.0,,0.0,,0.0,,0.0,,0.0,2.0937742005883755,0.09691901385877744,1.212e-03 ± 1.35e-04
